StudyHours,Attendance,PreviousScore,AssignmentScore,SleepHours,FinalScore
6.6,72.9,57.8,53.9,7.4,66.1
5.2,72.6,63.4,57.8,7.3,65.3
6.9,56.5,59.0,52.1,5.9,59.5
8.9,74.0,69.7,69.4,7.7,81.4
5.0,86.8,86.0,68.0,5.2,81.0
5.0,62.7,56.4,44.9,6.2,54.5
9.0,90.6,83.0,83.2,4.6,93.6
7.2,83.9,56.3,53.2,8.9,66.0
4.5,69.2,55.3,42.6,6.7,51.7
6.7,76.3,80.3,64.4,9.6,78.6
4.5,97.2,81.8,71.6,8.0,78.8
4.5,86.8,80.8,83.6,7.5,87.0
6.0,78.1,48.3,58.5,6.3,63.6
1.3,75.1,61.0,66.5,5.7,50.2
1.7,78.9,80.3,75.4,7.6,72.2
4.3,71.9,68.6,68.3,6.9,65.7
3.3,52.7,51.9,41.2,5.4,41.7
6.2,100.0,74.9,69.6,5.2,73.0
3.5,79.9,57.3,48.6,5.8,59.9
2.4,82.8,94.9,76.2,9.2,75.5
8.7,77.3,91.2,80.0,9.7,96.3
5.0,69.2,77.1,65.8,7.2,68.2
5.6,75.8,88.4,83.1,7.2,88.6
2.4,58.8,69.0,48.5,6.6,53.3
4.3,100.0,79.5,77.7,5.9,79.1
5.7,63.2,90.2,60.4,8.7,79.1
3.0,65.6,71.7,61.6,9.2,66.3
6.3,72.7,64.2,64.4,5.9,68.8
4.2,93.5,42.4,50.0,6.9,54.2
4.9,78.2,66.8,65.7,6.5,66.0
4.2,63.2,80.4,57.3,6.5,60.9
9.6,93.1,82.2,60.2,8.4,86.5
5.5,86.8,75.6,72.7,5.4,79.8
3.2,84.5,59.9,73.0,7.6,63.4
7.3,86.6,38.3,39.7,7.9,54.5
2.8,100.0,60.6,73.1,6.8,60.1
6.0,100.0,63.4,65.2,8.1,67.7
1.2,69.8,63.3,46.6,7.2,48.1
2.6,97.5,77.3,62.8,8.5,76.6
5.9,82.6,97.8,79.6,5.2,86.4
7.1,84.0,69.9,61.2,6.6,77.5
5.9,57.7,64.7,44.5,6.9,58.2
5.2,76.0,64.1,45.7,4.0,62.8
4.8,68.2,69.9,53.7,5.7,62.2
2.2,87.9,55.6,59.1,6.0,50.2
3.9,90.9,69.8,66.1,8.1,70.2
4.5,53.1,74.8,55.4,6.2,71.5
7.8,77.7,71.1,65.1,6.0,85.3
6.3,91.5,74.9,77.4,8.0,85.2
1.6,75.8,74.5,68.1,5.1,61.6
6.2,86.7,41.4,48.5,4.5,56.3
4.7,82.2,77.6,75.7,6.6,77.9
4.0,82.1,57.9,49.7,5.3,57.2
6.8,74.7,51.6,50.3,5.3,62.2
7.8,63.4,51.4,47.5,7.7,63.1
7.5,64.5,74.5,52.2,8.1,72.9
3.7,86.5,64.7,58.9,7.9,60.2
4.8,78.2,42.8,31.5,8.3,47.8
6.2,76.3,75.2,80.7,8.5,84.7
7.6,72.9,46.4,41.2,4.4,56.2
4.4,74.3,70.1,74.8,7.5,72.5
5.1,90.6,71.6,67.3,6.4,72.7
3.1,74.0,81.3,72.7,6.1,66.4
2.9,61.9,94.7,68.6,7.7,74.2
7.3,86.9,47.5,54.5,4.9,58.1
8.5,75.5,67.2,66.0,4.9,71.0
5.3,78.4,63.9,65.1,7.8,74.6
7.7,97.3,74.5,76.5,7.6,85.1
6.3,77.8,71.2,60.7,7.2,70.2
4.1,81.5,62.7,56.0,5.9,69.2
6.3,63.9,61.4,42.0,7.9,65.7
8.9,75.4,51.3,56.3,7.8,68.0
5.4,85.3,82.8,80.5,7.1,85.0
8.9,59.3,74.9,73.9,5.6,79.0
0.5,80.4,81.8,72.5,6.5,63.2
7.3,79.2,63.3,53.5,8.0,73.7
5.7,78.5,58.1,43.0,8.6,61.3
4.8,90.4,51.8,64.4,6.6,63.5
5.7,82.0,73.4,51.5,6.7,75.6
1.1,95.7,52.4,55.0,6.8,56.8
5.0,66.1,95.7,72.4,7.3,80.1
6.3,79.6,48.4,51.0,6.3,61.8
8.8,79.0,72.1,64.7,4.0,73.4
4.4,65.2,91.5,72.7,8.4,82.0
3.7,89.5,77.0,50.4,9.2,71.9
4.4,100.0,70.6,68.9,6.3,75.6
7.5,77.8,53.5,36.0,5.7,59.1
6.2,84.1,47.3,57.9,6.8,71.3
4.3,79.0,79.6,64.1,6.8,69.0
6.6,69.4,90.6,54.9,8.2,85.8
5.7,56.2,61.4,46.3,7.1,54.6
7.6,69.5,50.9,45.8,6.0,62.8
4.0,61.3,31.1,47.0,5.4,42.3
4.8,98.4,53.3,60.5,8.0,66.1
4.6,76.6,66.3,63.4,7.7,65.4
2.3,73.8,92.0,83.5,8.3,79.7
6.2,88.7,78.1,69.4,5.8,80.7
6.1,64.5,72.6,67.1,9.2,82.6
5.5,68.8,62.0,61.8,4.9,59.2
5.0,78.8,59.3,47.0,7.9,59.4
2.4,90.3,89.1,88.4,4.7,80.1
4.6,84.0,71.0,53.7,6.1,66.2
4.7,81.0,36.5,52.7,8.9,52.6
3.7,78.9,57.9,44.4,8.0,62.1
5.1,82.8,55.1,60.8,6.3,50.1
6.4,80.4,59.8,72.9,6.4,68.4
9.6,65.6,76.4,61.7,7.1,74.4
5.9,78.6,66.4,59.1,7.6,64.9
6.1,65.1,66.8,62.9,8.5,81.0
5.3,79.0,87.7,70.3,6.5,83.4
1.3,72.2,57.6,69.3,5.1,57.2
5.4,100.0,96.0,84.3,7.2,93.0
5.6,77.5,57.9,53.7,6.5,66.2
10.9,61.1,69.3,54.1,5.4,69.8
5.1,76.4,63.8,51.7,7.4,69.2
6.2,84.2,69.9,59.5,6.7,69.4
5.4,98.1,74.7,67.8,7.4,76.5
2.9,70.9,74.5,59.8,5.9,65.6
8.0,59.0,56.7,45.7,7.6,65.3
7.2,87.8,51.2,71.9,5.4,69.6
7.2,61.4,100.0,67.1,6.0,80.6
3.5,72.8,60.7,57.8,6.7,59.4
8.6,74.9,78.5,71.6,9.1,91.3
2.4,77.2,43.9,53.5,7.9,46.6
6.8,86.3,63.8,61.2,8.3,80.1
10.3,69.8,66.1,56.9,8.7,76.5
3.3,74.7,75.1,68.6,10.0,71.7
4.3,77.8,30.0,43.1,7.0,50.8
5.7,79.8,70.5,61.7,8.7,70.7
4.4,79.2,50.8,40.2,8.2,59.7
2.1,83.2,72.9,62.2,8.2,74.7
5.7,88.1,52.5,46.7,9.1,64.2
3.2,82.7,55.2,50.7,6.5,53.2
6.5,83.4,63.9,61.3,6.4,67.5
3.5,59.0,52.2,51.3,7.4,57.1
8.9,78.6,60.9,72.4,6.8,83.7
3.8,83.8,50.1,49.2,7.4,61.9
4.8,86.7,40.5,55.1,8.9,56.8
7.3,69.7,83.3,70.7,6.4,86.6
2.8,70.1,48.6,59.6,6.6,50.9
6.0,71.1,65.3,63.3,7.2,65.2
8.4,84.4,79.3,61.6,6.7,88.9
2.0,90.4,58.8,46.2,4.7,60.1
5.9,73.1,55.6,56.3,6.3,57.4
6.1,88.9,71.4,62.3,7.8,71.6
7.2,79.5,84.8,63.7,8.7,85.1
2.8,76.5,50.5,41.8,5.6,52.2
2.6,75.5,65.7,61.3,5.6,54.2
6.6,87.0,42.0,61.9,7.0,63.2
6.2,81.9,62.1,56.4,4.5,63.3
6.1,100.0,68.5,72.4,6.5,81.5
6.3,67.8,55.2,51.5,4.9,55.6
4.0,84.2,61.1,49.3,8.6,66.0
6.0,71.6,46.9,54.6,6.1,56.5
6.1,67.6,69.2,51.2,9.0,65.2
3.9,77.9,83.8,70.7,8.3,77.2
9.6,79.6,51.5,50.5,6.2,60.7
6.5,100.0,58.7,69.4,5.7,70.6
2.9,75.8,75.5,57.0,6.8,66.5
6.9,64.4,86.2,71.6,6.9,74.0
3.4,81.3,45.6,43.7,7.4,38.7
7.2,53.1,65.5,50.2,6.1,53.9
8.0,76.9,72.2,34.9,7.9,78.4
3.7,78.2,66.5,77.9,7.3,68.6
7.6,87.5,30.8,48.2,6.6,53.3
6.4,89.7,75.5,62.8,6.1,81.9
7.3,72.0,90.8,63.9,6.8,82.9
9.7,76.2,69.7,58.4,6.0,80.7
5.0,68.8,52.5,56.8,7.1,58.4
3.8,64.5,60.3,39.2,7.1,51.5
3.5,81.7,94.5,76.3,7.3,83.5
3.7,62.7,81.6,79.7,9.1,78.8
5.3,73.0,77.6,56.9,6.8,70.8
6.3,66.1,73.3,62.5,8.2,71.5
6.1,84.6,58.1,75.7,7.3,70.4
7.3,99.6,65.0,70.7,6.7,69.1
5.5,62.4,66.8,58.3,6.9,66.6
8.7,55.8,76.2,64.9,6.9,73.0
4.9,76.5,90.6,70.7,7.3,84.3
11.5,78.2,84.8,81.6,5.8,97.0
6.9,80.6,46.7,47.6,5.2,59.0
3.6,72.6,71.4,46.7,7.8,65.8
3.1,75.6,79.1,64.3,8.1,66.2
6.6,82.4,77.3,60.4,7.9,80.4
5.0,90.5,58.6,57.6,7.2,67.0
7.1,54.5,100.0,71.6,7.9,87.3
6.5,73.6,48.8,59.8,7.9,58.7
5.3,80.6,51.8,59.2,7.9,65.1
3.6,67.0,71.5,63.2,6.0,67.0
2.2,98.8,99.8,84.6,5.7,85.7
4.5,70.4,55.5,44.7,6.5,50.3
7.4,77.5,64.0,42.1,7.0,65.6
6.0,84.7,84.2,73.4,6.7,82.7
2.8,70.9,67.7,66.3,4.7,63.3
5.9,55.8,63.0,52.7,9.1,56.9
6.3,72.9,76.5,61.0,6.7,72.1
3.6,90.4,72.1,71.0,7.2,70.2
5.8,74.0,83.5,68.8,8.5,80.3
5.6,67.8,87.4,83.5,4.2,74.3
3.0,89.1,72.6,77.1,6.4,70.2
6.3,74.0,72.4,71.0,6.5,73.8
6.7,71.9,71.2,68.2,6.6,70.0
7.9,79.8,75.3,56.0,6.8,77.9
7.8,87.2,68.8,69.9,8.7,79.5
2.5,100.0,68.0,70.4,7.8,71.8
3.4,87.9,85.9,79.1,8.1,76.5
6.6,91.9,90.7,81.8,7.1,92.0
6.6,71.9,45.4,51.6,5.3,52.9
6.6,65.7,68.2,80.5,4.5,70.0
12.0,78.7,57.7,55.8,5.2,80.1
6.8,79.3,63.3,67.1,7.4,74.2
8.0,65.1,74.0,58.2,7.0,74.0
7.6,75.9,78.0,73.2,6.7,81.2
6.9,82.8,66.3,69.7,6.6,68.8
4.8,82.3,39.3,50.1,9.4,61.0
7.2,84.1,53.5,68.8,6.0,72.5
3.8,81.5,81.4,63.1,8.1,77.1
5.0,71.9,30.0,35.6,7.0,35.5
4.4,71.8,85.8,71.8,6.9,74.2
5.7,63.6,75.8,69.6,8.4,73.2
10.6,99.4,87.7,79.5,8.8,94.5
1.4,78.2,65.0,70.6,6.7,63.8
7.0,75.3,37.1,38.9,8.0,60.3
2.0,66.9,74.5,53.6,7.4,69.4
4.5,100.0,87.1,80.4,7.0,80.9
7.9,65.1,81.9,65.7,7.2,82.0
5.6,72.9,58.1,59.5,6.2,69.1
3.1,83.0,69.3,63.6,6.6,64.3
3.9,85.2,60.0,56.6,6.3,58.9
7.0,89.5,55.7,57.4,8.1,61.9
3.9,99.7,82.3,75.4,6.9,85.4
6.0,84.1,50.0,51.1,5.4,59.5
5.6,65.3,54.6,49.7,6.1,54.1
4.1,74.9,51.4,48.8,4.0,52.8
10.2,81.7,45.6,57.4,6.4,71.2
6.9,100.0,70.2,70.2,7.0,81.9
1.0,61.2,85.4,85.3,6.8,68.0
5.9,92.4,65.2,65.2,9.4,83.1
4.0,80.2,45.4,45.6,7.7,51.7
7.4,88.1,80.6,92.7,7.6,98.6
3.8,76.8,93.3,78.8,5.0,82.3
5.2,67.9,58.3,62.0,6.6,63.8
6.6,87.0,60.8,64.9,6.4,70.9
7.4,85.9,75.7,73.1,6.1,86.5
2.9,89.7,92.3,82.5,6.0,81.9
4.8,77.8,60.2,48.7,4.8,54.7
4.5,70.8,48.0,52.0,5.5,48.1
4.1,59.3,77.5,51.9,8.0,67.6
9.4,87.8,80.0,69.6,6.8,85.5
6.4,83.1,68.1,57.4,6.4,71.4
2.7,66.4,59.6,57.2,7.0,60.0
7.5,71.5,82.9,71.1,8.4,86.1
10.2,72.4,75.9,68.7,7.0,83.4
7.8,60.2,56.5,53.4,7.6,71.7
2.2,68.2,68.7,55.0,6.0,59.6
4.4,64.4,47.7,45.2,6.3,54.4
8.3,73.1,78.3,73.7,7.4,74.4
3.9,69.1,64.1,66.1,9.3,67.0
6.5,58.5,61.5,44.3,8.7,66.7
7.2,100.0,67.5,54.9,7.7,85.2
3.5,93.0,68.6,60.2,7.2,61.3
5.4,68.7,81.4,75.3,8.7,84.8
0.5,81.3,76.9,77.3,8.0,74.2
3.2,83.0,65.7,54.5,4.2,50.2
4.9,92.3,79.5,74.3,5.7,80.8
2.8,68.2,74.0,77.4,7.4,71.0
9.1,91.1,61.6,65.0,4.9,76.1
2.4,71.4,66.1,70.6,5.9,58.6
4.5,62.0,65.8,64.7,6.2,66.1
5.8,86.7,75.6,61.0,6.7,72.9
8.7,93.5,62.5,61.2,6.7,77.3
2.3,100.0,62.1,64.4,6.7,67.2
8.1,63.6,97.5,75.4,8.0,100.0
5.5,86.4,82.1,79.1,6.7,84.9
3.3,73.1,56.6,57.7,6.5,56.9
6.5,87.4,76.6,45.5,5.4,70.6
5.9,60.4,69.8,48.0,8.2,61.6
4.2,62.8,73.9,43.8,6.2,66.1
5.7,68.7,70.1,62.1,5.7,67.7
4.7,78.9,85.8,73.8,7.3,85.1
5.7,70.3,73.2,65.1,6.1,69.9
7.0,85.9,67.1,55.7,6.4,70.0
9.0,90.3,83.6,78.9,7.3,95.5
2.8,85.2,71.5,71.4,6.6,67.7
10.2,97.4,69.8,57.7,9.8,83.3
1.2,83.0,72.7,54.0,6.9,68.2
5.2,63.4,66.6,57.5,7.7,62.4
6.8,94.4,68.1,80.4,4.7,83.2
6.1,70.7,59.2,68.8,6.0,70.4
4.1,88.9,56.7,62.9,5.7,56.4
5.0,96.9,53.0,52.5,5.9,57.3
4.4,83.5,47.1,58.9,7.5,56.6
4.2,60.0,54.8,46.5,8.2,50.2
7.4,67.0,65.4,51.6,7.4,77.1
6.3,93.9,69.5,49.5,6.7,71.7
4.0,76.0,63.9,60.0,6.2,66.5
7.5,79.0,32.7,37.7,8.3,56.0
6.2,87.1,91.6,77.9,9.5,92.7
7.3,86.4,84.3,54.6,7.2,82.8
6.9,81.3,74.7,67.8,8.1,85.7
3.7,75.5,96.6,57.6,7.4,74.2
4.3,74.2,53.3,61.6,7.9,67.7
7.1,88.3,96.3,84.2,5.6,88.2
6.8,84.6,53.5,53.3,6.4,68.5
5.5,74.9,71.6,67.6,7.5,66.7
5.8,91.0,48.9,46.8,8.5,60.5
8.3,76.5,68.2,62.2,6.0,76.6
4.2,67.8,73.8,68.9,4.6,64.5
6.7,68.9,65.7,33.6,6.4,61.7
5.1,66.3,78.7,61.3,8.2,66.6
5.0,74.7,69.5,61.7,5.1,62.4
7.9,92.8,60.2,59.7,5.6,75.8
7.3,68.3,59.5,66.5,7.2,70.2
7.3,80.3,80.2,60.2,6.9,77.4
8.4,70.1,58.2,49.6,7.7,74.9
5.5,74.9,81.7,53.3,5.5,66.8
7.0,59.9,86.3,79.5,6.6,81.5
4.8,75.4,43.0,45.5,8.4,50.7
6.2,75.7,85.0,67.2,5.6,82.2
5.2,84.5,98.9,80.1,8.8,91.9
5.7,80.7,71.8,69.8,5.7,73.1
6.8,63.6,77.0,66.0,8.0,68.6
3.7,91.0,83.6,94.9,6.6,87.2
10.1,80.5,63.9,63.9,5.6,78.6
3.3,80.4,70.7,60.3,6.4,65.6
2.8,77.9,48.3,46.5,7.7,47.0
8.0,71.8,70.1,58.4,7.0,71.3
7.2,80.6,75.5,54.7,8.3,84.8
6.9,83.7,75.7,67.9,8.7,73.7
6.9,57.0,84.0,71.7,5.6,73.4
5.5,71.5,56.4,49.0,5.5,65.1
3.5,74.9,60.0,50.3,5.4,58.7
5.7,81.1,96.4,90.4,5.9,89.3
4.0,92.3,65.7,52.8,8.3,72.5
7.6,68.7,71.0,44.7,7.7,73.5
5.2,72.0,67.0,50.6,6.3,65.1
3.7,71.8,55.7,41.3,7.0,54.1
4.8,68.4,92.4,76.0,8.7,85.3
6.4,73.8,60.1,53.6,9.3,70.2
4.3,87.2,51.1,53.1,7.3,68.6
3.7,65.4,61.2,64.2,4.0,56.2
6.0,83.1,38.0,41.1,7.4,52.4
6.0,57.6,58.2,57.6,8.1,57.0
4.4,71.3,53.5,64.3,7.3,59.5
4.5,74.0,77.3,62.4,7.9,80.5
6.0,98.1,57.9,67.3,7.4,76.7
2.3,74.7,81.3,66.5,5.5,64.6
2.4,51.6,89.0,74.2,5.9,68.9
3.9,54.0,79.7,49.8,6.6,57.4
5.0,78.4,64.8,47.1,8.3,60.5
6.2,85.4,70.1,61.8,6.1,74.1
8.7,82.5,45.1,43.3,7.5,61.9
7.4,80.0,66.0,57.2,7.4,68.9
5.1,91.9,55.1,56.5,8.9,68.3
5.5,71.5,78.4,71.8,6.9,75.7
3.3,88.7,100.0,78.9,4.9,76.9
5.5,58.4,75.5,54.5,7.8,59.3
4.9,67.1,38.1,39.9,9.6,46.5
6.2,56.3,62.6,47.4,7.9,55.0
3.7,74.7,69.8,54.6,6.1,54.4
6.6,77.4,69.3,49.6,5.7,74.1
8.9,79.4,57.0,56.8,5.9,71.0
5.3,78.7,71.7,59.6,9.4,72.0
6.4,66.9,49.4,56.6,6.6,58.6
7.0,75.7,53.8,41.9,6.2,55.7
4.6,60.0,77.7,58.4,6.8,69.5
6.0,94.4,52.8,72.1,6.6,68.9
5.5,74.4,76.1,57.9,8.9,70.7
5.7,72.1,47.5,47.3,5.8,51.9
3.8,97.1,94.5,71.5,8.4,80.4
5.6,63.1,56.4,41.0,7.1,54.8
6.6,64.5,64.6,69.0,8.4,70.6
8.7,64.8,73.0,62.7,8.9,78.2
7.6,77.2,59.5,58.1,7.1,70.6
10.2,83.2,70.2,50.8,6.6,80.8
3.8,86.9,76.6,71.7,7.1,75.1
7.4,100.0,82.4,84.6,6.9,96.1
5.9,51.0,79.9,70.9,5.0,74.3
10.3,85.3,65.4,67.6,8.9,90.3
3.7,71.3,65.8,50.0,7.3,56.4
3.7,71.0,100.0,80.3,5.6,80.2
4.2,70.6,82.2,73.2,4.5,75.2
0.8,67.1,54.2,37.2,4.2,43.0
4.3,98.2,69.5,58.8,7.9,68.7
3.8,88.1,63.0,68.8,6.3,69.0
5.8,78.3,66.0,67.9,6.5,66.6
6.3,94.2,49.6,43.4,7.6,64.6
9.6,59.8,61.8,60.3,6.4,72.9
7.6,62.0,95.2,73.6,7.7,82.7
4.2,51.9,76.7,66.4,7.1,64.9
3.5,69.6,30.6,34.2,6.9,48.0
6.6,79.9,86.3,77.6,5.1,85.0
2.6,79.2,84.3,77.9,6.0,83.9
9.5,79.8,62.6,56.6,7.7,71.1
8.1,61.1,78.8,63.8,6.2,81.6
4.5,87.6,55.1,52.0,8.4,50.7
1.7,80.9,60.9,71.9,9.8,62.6
8.5,86.8,90.5,75.5,7.8,97.4
5.2,55.3,63.9,46.6,8.8,64.5
8.2,81.7,40.0,41.7,7.9,56.6
2.0,63.7,67.1,58.8,6.4,60.9
4.2,73.2,66.8,66.1,7.2,63.9
5.5,84.4,86.0,62.7,9.4,81.8
5.6,79.1,68.2,77.1,6.4,71.8
4.5,67.8,61.7,58.4,5.8,55.2
6.9,78.1,83.7,74.3,5.6,90.0
3.2,59.6,69.8,57.5,6.7,60.0
5.2,91.8,56.7,59.3,5.8,69.6
5.8,75.5,85.3,69.6,9.0,87.2
6.6,91.4,70.9,75.0,7.3,76.2
7.1,71.7,68.0,60.3,8.2,79.2
3.0,71.7,70.7,67.9,6.6,66.9
2.1,68.8,51.9,47.3,5.6,41.9
8.3,88.5,60.1,61.7,5.4,76.0
6.2,69.5,68.1,53.4,5.9,62.4
3.9,85.7,65.1,72.0,7.4,76.2
8.9,73.4,87.1,64.6,7.6,92.0
5.8,54.3,71.3,55.2,7.7,66.3
8.1,71.2,80.8,64.7,5.2,86.2
5.6,63.9,68.1,55.6,7.0,58.8
10.0,78.4,83.8,76.5,5.8,88.5
9.4,63.7,74.0,59.1,7.5,78.8
5.0,89.1,68.2,75.9,7.6,85.2
7.6,76.9,67.8,55.0,5.6,67.2
6.9,75.9,53.7,54.9,8.2,58.1
8.5,85.9,75.6,61.8,9.8,79.3
3.4,89.6,67.4,67.8,8.0,73.1
7.0,77.8,60.5,57.6,6.8,66.3
7.8,68.7,84.6,67.5,6.6,82.4
1.6,56.7,49.2,55.7,6.7,48.2
2.9,69.8,61.7,51.2,6.1,54.3
1.0,70.6,83.4,73.2,7.3,68.3
4.9,79.3,72.7,58.7,5.6,71.2
7.1,73.9,67.3,61.4,4.7,68.7
8.8,86.3,71.8,56.5,7.3,80.3
5.7,70.6,70.7,56.2,7.0,70.0
9.1,77.3,45.3,48.6,6.3,68.2
2.5,92.2,62.8,77.1,5.5,61.3
1.8,82.1,92.2,77.0,7.3,63.3
5.4,77.3,58.1,69.5,5.8,68.6
6.3,70.8,63.2,59.2,6.8,71.7
5.4,70.4,59.9,52.4,9.1,65.0
1.0,67.8,66.7,70.9,7.8,59.9
5.3,71.5,59.3,59.0,5.4,59.2
2.6,87.1,75.3,63.0,5.5,68.8
7.0,75.3,71.0,66.6,7.2,80.0
6.3,61.8,79.6,61.9,5.3,73.0
3.4,99.2,52.2,42.6,4.6,65.2
4.4,81.8,62.9,67.5,7.6,60.4
3.2,61.1,64.6,64.6,7.4,60.8
5.4,72.7,74.8,79.0,7.5,71.4
7.6,79.3,56.1,59.1,7.3,73.6
3.3,98.5,81.7,72.6,6.9,70.4
6.6,64.7,85.8,75.0,6.2,75.2
4.3,89.7,53.2,63.5,7.6,60.3
3.8,94.8,60.6,75.1,8.8,71.7
5.3,70.5,60.0,55.3,6.4,59.2
3.2,74.7,100.0,77.4,5.8,78.8
4.3,65.6,61.6,49.6,5.6,56.1
2.9,75.6,93.2,79.5,6.0,77.2
9.8,77.6,49.0,39.0,7.2,73.2
5.6,85.9,53.2,61.9,4.4,65.2
4.0,91.1,57.7,64.2,7.5,63.4
6.0,69.0,55.3,57.3,7.8,72.5
5.3,54.4,64.0,54.9,4.8,61.1
5.0,77.7,57.4,68.3,5.8,59.6
6.9,81.5,55.7,63.0,7.1,70.0
7.2,81.0,85.4,67.4,6.8,87.0
4.3,74.1,86.4,66.3,7.6,73.6
4.2,79.5,82.2,63.0,6.8,69.1
4.9,96.2,75.9,75.2,8.5,81.1
0.5,82.6,69.4,55.8,6.6,55.1
2.2,73.5,60.5,65.3,5.8,63.2
8.5,72.0,53.7,63.1,5.7,72.1
9.1,76.0,73.4,57.3,7.9,78.4
5.0,97.6,50.4,55.6,7.0,64.5
6.8,75.8,53.1,53.3,7.8,70.2
6.2,77.8,85.3,78.4,7.7,78.7
12.0,72.2,96.5,89.0,4.6,99.2
8.0,91.2,73.9,55.0,5.6,78.8
5.2,100.0,84.6,74.0,5.8,83.6
3.4,83.4,64.3,59.1,6.0,61.9
2.0,79.0,47.9,39.9,6.5,44.1
5.9,78.4,77.2,63.2,8.2,75.6
3.8,49.4,76.5,62.8,8.4,67.3
2.4,86.9,69.1,62.5,6.6,69.1
4.1,79.6,64.4,48.0,6.7,59.0
3.1,83.1,82.4,94.1,6.2,89.9
9.2,69.5,53.2,53.8,7.1,77.7
7.4,73.4,56.4,55.3,7.2,73.0
5.5,73.1,52.9,43.6,8.0,61.0
8.8,90.3,69.3,67.8,8.0,93.2
5.7,73.5,51.7,50.5,4.2,54.9
3.6,100.0,57.7,46.6,6.8,56.8
8.9,83.2,57.4,48.8,8.7,70.9
6.7,62.7,64.1,62.3,6.5,63.3
3.2,76.5,45.7,64.8,8.4,55.7
5.1,70.2,69.3,63.6,6.6,69.4
3.6,51.7,86.7,74.4,7.2,73.0
2.5,97.2,70.0,66.6,5.6,66.7
7.5,86.4,91.1,76.0,5.7,90.8
9.7,84.4,88.0,83.2,7.9,100.0
2.4,80.0,79.7,82.1,8.1,76.9
6.7,61.4,69.1,68.8,7.0,76.2
4.1,72.2,68.3,52.1,5.5,62.3
4.4,88.1,79.5,70.2,7.1,69.6
4.2,65.4,62.1,57.7,8.5,53.6
3.6,47.6,39.8,36.7,9.1,50.6
5.6,75.3,75.4,68.4,6.6,72.1
3.7,76.3,51.0,58.7,5.0,51.3
6.1,79.6,53.6,62.4,8.0,67.2
5.4,86.7,68.0,77.6,6.7,77.6
5.0,85.7,66.6,60.4,8.1,73.4
3.5,81.1,46.8,40.1,7.3,58.1
4.2,92.3,70.5,69.7,5.9,78.3
7.2,59.8,82.5,80.4,7.1,78.8
6.6,84.1,51.1,50.3,8.6,69.0
3.3,85.5,87.1,79.8,6.8,77.5
5.7,63.1,44.6,50.9,5.8,51.8
7.2,60.0,99.8,76.4,5.1,82.9
1.8,69.0,61.8,56.3,6.1,45.7
6.7,70.1,70.2,53.7,6.5,69.9
4.0,87.0,39.6,30.3,8.0,43.1
6.8,70.6,67.1,50.7,5.7,71.6
3.8,67.7,71.4,58.1,8.9,64.9
1.5,70.7,66.7,68.1,5.4,58.9
1.9,91.4,59.6,59.8,9.8,67.7
5.6,78.2,53.8,50.0,9.1,55.9
6.1,75.8,85.0,63.6,7.2,76.7
3.5,76.7,68.5,67.1,5.0,64.9
6.9,93.5,91.1,89.3,6.9,96.0
1.8,69.0,60.1,63.8,6.5,59.7
5.4,93.8,61.5,67.1,5.5,73.5
2.8,80.5,80.2,57.4,7.3,69.0
4.1,76.1,43.7,45.2,6.0,50.5
5.6,100.0,49.8,73.0,6.1,69.3
3.6,65.3,84.5,76.8,6.8,67.4
4.7,73.8,50.4,38.9,6.3,51.5
7.7,63.2,40.7,42.7,9.5,58.5
4.2,89.4,96.0,83.1,6.4,89.1
7.3,98.3,47.1,49.4,7.5,61.9
3.0,98.0,70.8,50.0,7.2,60.4
6.7,92.7,69.0,66.9,7.4,77.1
8.7,75.6,30.0,34.1,7.5,62.0
0.5,73.6,64.0,52.3,8.1,49.2
3.7,57.9,74.7,57.7,7.3,69.1
6.8,100.0,73.3,69.2,7.3,89.6
5.1,83.6,81.6,70.7,7.1,79.1
6.3,72.1,62.2,50.2,6.8,61.9
4.2,93.9,78.7,70.0,5.9,78.2
5.7,66.3,57.7,39.3,6.9,58.4
5.2,82.9,46.8,54.0,7.3,54.5
8.1,75.9,48.5,30.0,7.5,56.6
6.1,85.7,46.1,49.5,7.2,61.7
6.2,77.2,83.1,77.4,6.7,86.7
4.6,60.6,45.3,36.6,6.9,45.4
4.4,78.9,72.1,70.1,6.3,70.3
4.5,90.6,64.0,72.1,7.4,74.0
6.4,77.6,66.5,34.5,6.7,63.6
4.6,87.3,88.5,74.3,7.2,81.3
6.1,65.5,61.4,32.1,8.2,56.3
10.1,77.7,77.2,65.9,6.1,83.0
7.4,70.5,68.6,60.3,7.7,86.1
4.8,87.0,65.7,43.0,7.0,63.3
8.1,78.4,100.0,95.0,9.4,100.0
4.6,86.3,46.4,54.4,6.7,64.4
1.0,91.1,87.3,69.0,7.8,71.9
3.3,86.3,77.8,81.1,7.0,77.1
1.4,81.3,60.8,44.4,5.3,50.9
4.7,66.0,92.4,62.5,6.4,69.5
5.5,78.0,40.3,30.0,8.1,42.9
9.2,71.6,60.2,70.4,6.5,76.5
6.2,73.9,49.9,53.6,4.3,55.6
5.0,73.5,74.2,69.5,7.0,81.2
7.3,66.2,51.3,52.2,5.7,59.5
0.6,54.5,74.5,64.2,7.2,65.2
6.0,70.0,65.2,59.0,8.9,67.4
7.2,80.3,60.8,60.7,7.9,80.6
2.2,61.8,73.8,61.9,8.8,65.1
8.0,78.2,64.0,54.9,6.3,74.7
6.2,100.0,51.7,58.1,6.8,65.0
4.6,90.3,100.0,84.8,5.7,92.5
6.9,97.7,60.7,63.7,6.2,81.4
10.5,82.7,34.7,32.9,5.9,59.0
5.9,92.0,55.4,47.7,5.4,61.1
6.0,69.3,49.0,57.9,8.6,59.9
4.5,70.3,80.4,64.3,4.5,77.2
3.6,45.1,72.8,61.0,8.6,66.0
7.3,92.2,74.0,60.0,8.5,88.0
3.6,96.5,62.4,51.7,7.6,65.5
5.7,71.4,63.8,51.2,5.7,63.4
4.4,75.0,62.4,56.3,5.1,62.5
6.6,69.0,66.8,53.7,6.3,72.6
6.2,82.6,80.5,80.3,7.8,83.0
7.8,91.5,73.0,69.5,7.0,89.2
4.4,57.1,75.5,75.6,5.7,70.3
4.9,82.9,75.5,70.5,8.4,65.8
3.3,74.7,81.3,49.1,9.0,72.8
4.5,79.4,72.3,73.1,6.7,66.5
6.3,83.5,73.4,54.2,7.1,77.8
7.2,75.7,85.8,73.0,5.2,87.6
3.5,76.8,58.0,49.9,6.5,57.8
7.4,75.4,55.2,71.4,7.6,73.7
8.5,89.6,50.2,66.5,7.4,78.1
6.4,83.0,70.7,58.7,6.4,71.0
9.6,80.6,40.2,46.2,6.7,67.2
3.8,62.7,74.9,63.8,6.5,71.1
2.8,73.5,66.4,66.8,6.7,70.2
1.6,88.8,85.0,74.2,7.5,68.8
8.8,78.5,57.9,48.3,4.6,69.9
6.9,85.9,65.0,56.5,6.9,68.0
5.4,99.2,84.8,76.4,7.4,81.6
6.1,90.5,88.7,86.3,6.3,91.0
3.0,79.1,57.8,60.0,6.4,58.1
10.9,71.9,70.7,55.7,6.5,87.2
5.8,47.4,72.4,61.9,6.4,64.6
5.7,76.0,73.6,61.4,7.0,72.1
7.1,74.1,64.1,65.9,7.2,73.7
6.6,82.7,87.2,93.9,4.5,84.7
6.0,76.2,39.7,43.0,7.8,50.2
3.8,74.2,61.7,63.9,6.7,67.0
6.5,56.6,74.7,54.3,9.3,69.5
9.6,66.7,74.9,62.0,5.6,85.7
8.5,83.7,88.3,74.7,6.0,93.6
9.0,98.6,86.0,75.4,6.8,88.1
4.4,76.8,63.7,78.9,7.5,72.0
3.3,81.9,87.5,71.1,4.7,76.8
5.2,89.4,57.3,63.6,6.0,67.7
5.6,68.3,82.0,51.7,7.7,72.6
7.9,82.4,95.2,81.4,5.9,89.7
1.8,69.1,86.2,78.8,8.6,79.2
8.9,88.4,69.6,61.2,6.5,80.6
5.2,79.8,63.0,39.5,5.9,56.5
4.6,81.6,45.1,49.9,7.7,57.2
3.3,68.6,72.7,62.3,8.9,63.3
1.9,86.5,51.3,60.6,7.5,50.2
7.3,100.0,56.1,76.9,8.5,76.9
5.7,65.9,50.1,46.0,9.0,54.6
2.7,73.9,61.1,50.2,5.9,50.5
2.7,80.8,67.6,53.0,8.1,65.6
4.8,87.4,72.1,68.1,5.2,71.3
9.2,71.3,59.0,59.1,7.5,79.4
4.9,44.0,84.0,57.8,6.9,64.4
2.2,94.3,64.9,70.5,8.5,59.1
5.0,87.1,56.2,61.4,8.4,66.8
4.9,57.1,71.4,58.9,7.7,74.2
0.5,70.7,97.5,69.1,7.4,74.3
5.4,96.8,73.0,65.5,7.6,91.9
5.0,95.4,62.6,43.8,7.1,66.7
7.0,89.3,45.1,54.0,6.9,64.2
9.6,75.9,64.7,59.8,8.7,70.1
8.0,79.0,71.5,65.6,8.9,83.1
4.9,76.4,62.2,62.3,6.8,66.0
3.1,91.5,43.0,54.6,7.3,51.1
11.2,67.5,55.2,51.4,7.1,73.5
5.6,68.3,89.8,71.9,5.1,79.1
5.5,90.1,89.5,65.5,6.6,82.4
5.4,77.5,54.7,49.8,8.9,71.5
5.9,94.5,78.1,72.0,6.1,79.2
5.2,69.9,50.3,44.3,9.5,58.0
4.2,77.3,89.1,80.2,8.4,80.8
4.3,66.9,71.7,55.9,7.5,69.0
5.4,78.1,82.2,71.5,7.7,80.5
4.3,60.3,42.3,44.3,5.9,44.3
3.9,72.1,78.2,72.0,6.7,63.1
5.7,60.8,67.9,64.8,8.7,70.6
4.9,86.3,80.8,76.6,6.3,77.8
8.8,86.6,81.7,54.7,8.3,86.1
0.5,57.2,69.0,66.8,5.3,47.5
7.9,94.0,59.0,73.2,5.6,83.0
8.2,100.0,79.7,70.0,9.3,95.2
0.9,78.6,67.1,63.4,7.0,64.6
4.7,70.3,54.9,45.6,6.4,60.6
4.7,100.0,54.2,44.2,8.6,65.6
2.4,62.2,45.8,39.8,8.5,39.0
3.8,78.2,60.3,53.4,8.1,69.2
3.1,80.2,84.5,68.7,6.3,69.0
9.4,94.1,70.7,59.7,6.7,82.6
7.6,82.3,60.1,52.8,7.4,73.8
8.3,72.0,80.1,67.0,7.8,87.4
7.1,66.6,55.5,46.0,6.4,63.9
3.0,73.9,69.4,66.0,7.2,62.8
4.3,65.9,65.3,62.8,7.3,61.0
6.6,78.6,79.7,87.5,8.5,97.9
2.8,71.2,44.3,56.2,7.9,49.6
7.1,60.1,55.2,52.3,5.2,59.5
5.0,93.1,43.4,47.2,6.7,52.7
4.7,72.0,64.1,60.6,5.9,64.5
7.1,62.8,86.2,70.7,7.7,83.7
6.5,76.0,60.4,53.1,8.1,67.4
4.7,78.8,60.3,64.1,7.1,66.8
8.1,57.0,81.1,52.7,6.7,84.2
3.1,82.0,84.0,69.7,7.1,71.6
6.9,65.4,66.7,62.5,7.3,71.2
6.8,98.5,78.3,70.4,6.2,80.8
4.8,84.3,51.8,52.9,5.5,59.3
6.2,73.2,88.7,71.0,4.5,78.0
2.7,69.1,100.0,70.6,8.5,77.6
7.5,76.7,75.8,75.3,7.6,76.1
5.1,85.4,36.7,38.4,7.4,50.4
4.4,77.7,59.6,59.8,8.5,66.0
7.8,75.4,77.2,69.6,5.5,88.7
4.0,78.7,61.7,51.0,4.9,60.5
2.4,70.8,87.1,71.2,7.5,70.5
2.1,73.9,76.8,58.4,7.4,58.0
6.8,53.0,57.4,60.9,4.9,55.5
2.7,89.7,68.5,56.0,7.4,58.4
9.4,81.6,54.6,50.2,6.5,79.5
0.9,68.7,65.3,48.3,6.0,51.8
9.2,100.0,59.7,52.0,6.6,74.6
6.0,79.0,85.6,84.6,4.1,78.4
5.3,65.6,99.7,80.6,6.3,82.4
4.3,88.3,46.5,53.8,6.2,53.1
6.4,82.8,39.2,42.0,7.7,61.1
5.4,82.7,64.3,68.3,6.8,70.2
7.9,72.9,45.2,41.5,7.8,53.5
5.8,83.4,68.7,70.0,4.0,81.6
5.8,74.9,79.2,60.3,6.0,69.0
4.7,84.7,90.4,70.7,7.7,80.3
5.4,55.1,71.0,63.9,6.6,72.6
6.2,72.8,65.1,65.9,8.0,73.3
1.7,98.7,38.3,55.5,4.8,44.1
2.5,68.8,68.4,51.4,7.9,53.3
7.1,70.8,69.1,57.1,6.2,66.9
5.9,72.6,77.6,67.1,6.1,70.9
5.1,63.4,57.4,45.6,8.2,58.1
5.5,51.5,61.5,62.7,8.4,64.1
6.3,75.2,45.8,30.0,8.2,53.4
4.3,79.6,33.6,37.2,9.4,46.8
3.8,77.4,51.4,48.5,8.5,50.9
5.9,76.3,44.4,30.0,6.0,51.7
3.3,78.5,73.1,53.7,7.2,70.8
6.4,90.3,60.2,65.7,6.6,70.9
1.8,75.7,59.9,57.1,9.4,56.4
7.8,71.1,53.2,64.6,8.3,69.9
6.5,74.6,30.0,52.5,6.8,56.2
6.1,85.0,90.6,79.5,8.1,85.3
7.7,94.9,53.0,60.4,5.5,76.6
9.2,70.5,61.8,57.1,7.3,76.2
7.7,79.2,46.2,30.0,5.9,56.6
1.5,82.1,82.6,59.8,5.0,70.4
2.7,66.1,70.2,60.9,7.9,56.7
4.1,78.2,55.6,60.1,8.1,63.5
5.6,60.4,62.1,56.6,7.5,65.0
6.6,56.8,93.2,63.3,6.8,76.7
3.9,82.4,66.9,69.9,5.5,68.8
5.9,73.4,65.3,71.1,5.6,71.0
3.8,80.4,53.9,62.2,5.8,57.4
4.2,77.8,39.6,54.1,6.7,54.6
2.4,66.3,65.6,53.2,8.3,55.0
3.5,77.5,72.9,73.1,8.3,72.4
2.5,63.2,84.5,68.4,5.0,66.2
3.4,94.7,34.3,51.6,6.2,45.6
7.8,61.7,51.1,51.5,6.1,63.4
3.4,75.7,59.3,55.6,4.0,54.4
11.3,65.5,67.9,51.8,7.7,74.1
6.6,84.8,65.8,61.7,6.7,64.7
5.9,74.0,66.2,67.8,6.9,74.3
3.6,71.8,74.1,60.2,8.6,62.4
7.0,88.2,54.5,64.2,7.1,71.4
4.2,78.4,82.0,75.6,6.5,76.6
5.8,84.2,74.5,64.6,7.7,74.9
11.1,66.2,63.2,67.4,8.3,91.4
5.3,61.1,92.0,68.0,7.4,80.4
8.0,79.3,91.3,87.1,7.8,98.5
4.0,74.2,82.0,72.1,6.8,75.7
5.4,85.5,30.0,42.7,6.9,47.1
9.4,77.0,91.7,67.6,7.1,92.8
4.1,80.5,79.9,68.4,6.1,79.9
9.5,58.5,98.1,71.9,6.3,97.7
7.1,100.0,86.6,67.6,8.7,99.4
4.3,76.0,91.7,72.7,9.4,84.0
6.9,86.4,81.2,64.8,8.9,80.3
7.6,68.0,88.2,75.2,5.4,82.9
6.9,81.7,97.9,89.7,5.3,88.7
2.0,62.4,71.2,49.9,5.6,58.4
3.9,83.4,44.4,64.0,7.2,53.7
5.0,73.7,63.4,57.3,4.0,47.7
5.3,78.4,73.8,57.4,6.3,81.6
6.9,86.4,69.1,70.7,8.7,77.2
5.9,63.2,49.3,44.3,8.2,53.3
2.6,69.8,43.5,45.7,6.4,51.9
6.3,83.5,56.9,53.9,6.5,59.9
6.8,100.0,80.1,67.5,7.7,90.8
6.7,76.3,91.7,80.3,8.1,87.2
7.9,85.1,81.7,68.9,6.4,79.4
7.3,76.7,83.9,58.8,6.7,88.7
6.5,100.0,66.8,71.1,6.3,82.2
5.3,57.0,41.9,32.7,5.4,48.0
1.8,79.1,61.2,49.2,6.7,55.5
6.4,58.5,64.1,64.4,6.6,69.5
6.0,47.9,60.5,40.7,5.5,49.4
6.1,81.6,68.8,44.7,7.8,69.7
2.7,79.7,74.6,70.9,7.6,64.9
3.1,74.6,80.8,65.7,7.8,64.7
7.8,76.7,63.8,57.5,6.1,73.6
5.4,100.0,39.4,49.2,4.6,60.1
7.0,74.9,60.8,59.0,7.6,68.0
5.6,84.1,68.7,57.8,6.2,69.1
5.6,70.2,86.3,81.8,5.9,76.3
7.6,81.5,59.5,46.3,5.5,66.7
4.4,75.1,75.7,69.0,6.7,75.2
5.7,73.1,72.4,68.2,8.9,78.7
4.5,99.8,68.7,61.7,6.4,73.9
4.5,92.1,82.0,64.9,5.7,73.6
4.8,79.6,58.1,65.0,7.8,62.4
6.0,50.3,59.4,42.3,7.2,60.5
4.4,73.7,67.8,55.9,4.5,65.9
8.3,100.0,58.4,69.2,7.8,78.9
3.5,75.2,75.6,65.7,9.6,69.5
5.1,91.2,57.3,44.9,4.0,64.5
4.5,95.3,71.4,82.1,5.5,74.4
8.7,80.6,66.5,57.5,4.0,77.4
5.9,67.9,71.2,57.9,6.9,68.9
7.8,48.8,61.1,52.9,8.2,61.1
2.2,86.2,62.9,66.1,7.1,69.0
6.1,68.2,69.4,75.9,8.7,76.0
7.5,80.1,71.0,50.8,8.0,72.1
5.7,63.0,67.9,64.7,9.0,63.9
7.8,74.8,93.6,81.1,8.4,88.0
4.4,78.4,53.1,52.7,6.5,55.6
8.6,81.2,67.0,68.4,7.1,88.6
10.6,64.6,44.4,53.0,6.0,63.4
4.7,92.4,73.6,57.5,6.7,78.6
4.5,70.8,51.3,64.9,7.1,58.2
8.7,57.9,63.8,42.1,6.9,61.9
9.0,76.7,62.4,49.4,8.6,72.5
4.3,78.4,72.2,62.2,6.6,62.9
4.6,79.9,59.7,73.2,5.9,61.9
4.9,94.3,59.1,58.6,6.0,61.6
2.5,75.2,89.5,72.8,7.8,66.9
3.5,76.6,72.3,75.4,5.3,75.1
3.3,64.8,59.6,51.6,6.8,55.8
3.8,87.8,64.2,52.8,8.6,62.0
5.4,80.2,92.7,72.7,7.4,86.1
6.0,73.0,64.5,69.7,6.9,66.7
8.9,55.1,57.7,51.1,7.0,54.6
3.3,95.3,57.7,76.0,5.8,78.4
7.7,63.3,59.8,59.6,6.0,68.1
5.0,70.9,59.1,50.1,6.8,57.2
5.4,82.3,48.8,52.8,7.3,50.7
7.0,63.6,51.1,42.2,8.1,52.4
3.0,60.1,55.6,45.3,7.1,57.4
6.3,52.5,76.9,96.3,8.6,88.2
5.9,86.7,62.3,69.1,8.9,77.1
6.6,71.5,64.9,65.5,8.0,67.0
6.1,100.0,87.1,72.9,8.5,96.2
10.9,66.1,87.4,82.2,5.8,96.9
4.1,66.9,63.8,65.6,5.6,64.6
4.3,71.2,58.5,70.0,7.6,65.6
4.1,80.9,55.0,70.1,5.4,54.4
4.3,72.4,78.4,54.4,6.7,63.2
4.1,85.3,64.9,53.1,7.9,62.8
8.1,66.3,62.2,47.8,8.7,72.7
8.6,61.4,55.8,43.5,6.7,57.8
4.2,56.4,56.5,52.8,6.2,52.9
3.7,51.3,72.8,53.3,7.4,59.8
6.5,71.8,48.3,66.1,5.7,65.2
4.3,74.4,82.9,84.4,6.8,81.8
6.9,70.4,60.0,55.5,7.0,62.1
5.9,92.9,65.8,80.1,7.0,84.0
2.2,92.7,47.9,66.4,7.1,50.7
8.9,74.0,67.8,57.2,6.0,80.7
9.5,56.5,63.1,37.8,6.1,64.4
4.2,71.2,67.2,58.0,6.1,63.8
4.6,70.8,90.1,67.1,5.1,77.3
6.1,70.1,70.7,63.1,7.4,72.9
6.2,69.6,56.1,54.0,8.1,66.6
6.9,70.2,57.3,54.6,8.0,67.9
9.9,73.4,76.9,69.8,6.7,90.0
5.1,70.4,87.5,61.0,6.0,77.7
3.7,80.5,72.2,68.1,7.9,64.6
2.5,82.3,78.3,65.1,7.8,70.8
3.9,67.1,77.1,65.8,7.3,66.8
5.4,93.3,89.3,85.1,9.1,85.9
9.4,66.2,38.8,33.1,7.0,55.3
4.4,58.6,78.0,60.3,6.7,68.2
6.0,82.6,82.8,70.2,6.5,82.0
5.5,68.2,47.9,44.3,5.1,56.9
8.1,81.9,54.7,62.8,7.8,78.1
11.1,49.2,55.2,41.9,6.9,69.1
4.3,94.7,57.1,55.6,7.6,66.4
4.4,86.1,60.8,54.3,9.2,66.0
7.8,60.0,71.6,68.1,6.5,78.6
7.0,60.3,81.0,60.7,4.2,75.7
9.6,98.1,84.2,79.5,7.6,97.2
6.8,69.2,55.4,68.6,7.2,77.1
4.7,68.0,55.3,51.8,6.1,54.0
6.8,50.8,87.7,74.8,7.5,87.7
7.9,73.8,77.7,79.6,7.9,79.3
7.3,75.3,69.2,70.1,5.9,79.3
6.6,86.6,75.1,67.8,6.6,85.5
7.8,61.2,67.6,62.6,8.8,65.8
8.1,59.8,75.9,51.4,6.1,74.0
8.5,83.4,63.0,54.3,7.1,77.9
6.9,90.1,72.0,62.3,4.0,76.2
5.1,59.1,45.3,62.6,5.2,54.4
5.8,91.0,57.7,53.0,7.2,67.0
8.2,78.5,57.8,49.8,8.5,65.8
3.7,91.1,62.4,53.7,5.4,72.3
6.3,77.2,54.1,58.5,7.1,62.2
4.6,47.7,60.0,51.1,6.5,56.5
5.6,76.2,45.3,57.7,8.1,56.2
8.3,90.7,76.2,75.0,5.5,75.3
5.9,67.3,66.8,47.5,7.5,61.1
5.6,73.3,42.4,40.2,6.2,44.3
2.5,75.9,55.5,65.4,7.3,61.9
7.1,43.2,73.0,54.3,7.1,65.1
6.9,98.1,59.9,72.0,6.7,73.7
10.3,67.2,57.5,52.2,7.6,68.7
4.8,84.1,66.9,55.1,7.1,67.7
6.0,77.0,73.2,62.1,6.8,70.2
6.0,93.1,46.5,46.1,6.6,64.1
9.0,82.9,76.3,63.2,7.1,85.9
5.3,75.2,56.0,56.2,7.3,59.5
6.1,67.3,67.7,63.2,5.8,72.2
6.8,87.6,67.5,51.3,6.6,72.1
5.9,55.5,60.1,51.8,5.7,59.0
4.5,85.8,52.6,50.7,7.0,52.2
5.9,64.8,63.7,51.0,6.3,62.6
7.9,93.0,92.4,80.1,7.9,97.9
3.2,79.9,47.6,46.8,7.8,57.6
5.8,85.7,93.4,88.9,5.9,86.8
4.0,79.0,64.1,69.5,7.0,76.6
8.1,57.0,68.5,66.4,7.8,77.2
2.1,67.7,51.7,46.4,6.8,40.4
4.3,86.1,56.4,49.8,6.1,55.2
6.3,80.0,60.5,58.9,5.7,73.2
8.9,92.2,52.3,55.6,8.0,79.2
5.4,82.8,64.9,56.5,8.1,69.1
4.3,66.4,61.9,46.2,6.8,58.2
9.6,68.4,95.8,74.5,7.9,90.9
2.3,79.2,50.5,49.3,4.0,53.3
0.7,50.2,69.5,61.3,8.6,49.7
6.5,98.1,71.7,74.3,6.8,85.1
4.4,83.3,51.9,63.2,7.2,67.1
3.3,92.7,78.3,61.2,6.6,71.8
7.1,59.0,62.0,57.1,8.7,72.3
6.0,92.9,30.6,39.2,5.7,57.7
4.3,100.0,77.9,63.1,8.8,79.4
2.7,62.1,51.2,45.3,7.5,47.1
7.4,87.3,52.3,64.1,7.7,70.2
6.9,78.0,78.3,64.6,6.6,75.5
5.3,59.5,62.8,66.9,5.4,59.5
9.6,83.9,81.8,75.4,8.1,94.9
3.1,88.0,86.2,71.3,7.4,76.5
2.1,70.8,58.3,64.0,8.6,58.7
4.0,92.0,79.9,75.5,6.8,71.1
5.4,58.0,56.7,43.2,6.5,54.7
6.0,60.1,100.0,89.9,8.7,96.4
5.0,79.6,57.6,58.7,9.3,60.5
6.3,78.3,83.4,70.6,7.0,81.8
2.7,69.4,80.7,59.9,6.1,57.4
8.7,87.7,72.7,76.3,8.0,81.3
5.3,84.4,57.9,62.1,6.7,69.3
8.0,88.3,65.7,68.2,7.7,78.4
6.3,76.5,35.7,39.7,6.7,58.6
6.5,85.2,71.4,72.2,8.9,82.1
6.8,72.7,73.2,70.7,6.2,78.6
6.5,100.0,70.0,63.1,7.6,74.0
6.9,68.2,30.0,30.0,6.4,43.1
8.4,100.0,49.0,61.6,6.7,69.2
5.9,78.4,56.8,43.3,6.5,55.8
7.1,61.5,72.4,61.4,7.9,76.7
5.3,94.4,72.3,64.8,8.1,80.6
8.7,79.5,65.4,70.6,7.7,82.1
4.0,88.2,77.5,66.5,6.9,70.0
9.5,92.7,52.6,66.0,7.2,78.7
5.4,82.1,77.2,63.9,8.1,68.0
2.4,70.9,75.1,72.0,8.1,73.5
5.8,89.7,73.7,84.4,4.0,72.7
4.0,78.0,65.3,51.9,6.7,57.0
7.3,86.2,95.5,81.4,6.7,94.6
4.1,52.2,75.4,81.5,7.8,71.4
4.5,83.4,53.5,55.8,6.9,59.6
1.3,70.3,71.7,62.5,7.9,55.4
4.5,97.8,79.3,79.4,5.7,85.0
0.5,85.5,59.2,59.3,7.3,46.4
2.0,80.9,84.3,57.9,8.1,62.7
7.2,83.8,73.7,75.5,5.2,79.4
7.2,66.0,32.9,30.0,10.0,44.5
6.4,97.5,72.5,65.9,8.4,86.3
3.4,100.0,61.9,73.7,7.0,63.7
5.4,82.7,76.1,64.7,6.0,81.3
5.5,97.1,82.2,68.9,6.8,86.9
3.0,71.2,70.9,68.8,7.1,70.9
8.8,68.4,93.0,66.4,7.5,98.8
7.4,78.5,65.3,50.8,8.8,73.1
5.0,83.2,77.4,70.6,6.4,71.3
5.6,73.3,80.1,65.9,7.7,76.4
6.0,84.5,66.5,52.8,5.4,65.5
1.0,81.7,79.7,74.4,6.5,64.1
5.0,66.0,59.1,57.7,7.5,62.2
4.0,84.2,61.7,57.1,7.8,62.5
3.3,88.4,48.3,51.3,6.1,50.0
4.9,80.1,71.6,68.2,6.5,70.6
9.5,91.8,72.9,77.6,8.8,93.7
6.9,63.4,85.7,65.7,8.4,85.9
4.2,83.6,79.9,75.1,7.3,69.9
6.8,64.0,63.7,60.6,4.3,64.1
8.6,64.6,50.3,55.8,10.0,67.7
7.5,70.4,74.5,63.9,7.0,72.0
5.6,66.7,84.7,61.0,6.6,74.9
4.1,71.4,79.3,62.8,6.4,70.8
7.0,75.4,84.3,73.0,7.5,86.8
6.4,88.0,64.8,77.2,7.5,77.5
7.5,74.1,61.0,53.2,8.1,66.0
6.9,59.0,56.9,57.5,5.9,71.4
7.8,91.7,67.2,62.3,6.6,81.8
4.3,68.0,66.8,59.6,9.4,68.6
8.4,77.3,71.1,75.6,7.3,87.1
5.9,83.4,66.1,68.3,6.8,73.7
10.1,80.4,66.0,51.5,5.9,83.6
4.0,91.1,56.3,54.2,7.6,62.0
9.3,83.7,82.1,81.1,8.2,93.8
5.9,67.7,69.1,61.1,8.0,73.2
4.1,100.0,65.4,56.8,6.7,75.0
4.4,80.3,56.8,49.8,7.4,66.4
4.8,76.2,48.0,56.1,9.0,61.5
6.4,89.6,87.6,83.5,8.3,93.1
6.7,81.0,76.3,67.4,6.1,81.3
4.2,82.8,43.6,69.5,4.0,59.2
5.4,100.0,79.4,80.3,7.4,90.5
10.2,74.7,81.8,66.7,8.0,89.3
9.3,74.2,69.9,55.5,5.7,83.1
6.5,79.4,92.0,67.7,7.0,87.4
5.6,90.9,71.3,69.6,6.7,79.0
5.8,59.9,46.7,41.7,7.1,58.2
6.8,54.4,73.5,72.4,6.3,76.6
3.2,71.0,71.7,73.9,8.5,73.0
4.9,58.4,59.0,57.1,7.2,57.5
1.8,72.9,76.6,55.9,5.9,67.6
6.4,84.0,43.0,44.3,8.1,61.4
6.9,67.3,82.9,77.5,5.5,81.6
4.4,60.9,54.8,45.9,8.5,59.9
9.0,78.8,53.2,62.9,8.2,85.3
2.8,88.4,66.3,67.4,8.7,62.1
2.3,57.7,74.5,60.8,6.8,56.7
6.0,87.8,70.5,60.1,6.4,85.5
7.8,87.8,56.9,57.5,7.1,73.5
9.2,89.4,60.4,62.1,6.9,79.1
4.5,92.6,51.0,64.5,6.2,61.5
7.9,100.0,64.6,58.4,6.3,82.9
5.4,73.7,84.1,67.6,6.6,89.4
5.1,79.3,67.9,62.5,5.6,64.9
7.4,73.0,80.9,73.0,7.8,83.3
6.9,78.0,89.8,66.6,6.9,83.6
2.0,96.4,59.2,51.1,6.6,60.6
8.7,61.9,65.2,61.7,5.7,77.9
8.5,67.7,100.0,64.8,5.6,97.7
4.1,94.5,89.7,88.2,9.3,92.4
6.4,90.2,42.9,49.9,6.2,70.3
6.6,73.6,73.8,51.6,7.7,70.3
6.1,88.3,68.0,60.6,7.2,69.8
4.3,82.1,80.4,72.8,4.0,80.0
4.0,96.0,56.8,56.0,9.2,65.6
5.4,78.9,55.4,55.4,7.8,56.9
8.1,90.3,57.9,65.3,6.1,72.9
6.7,100.0,59.4,61.1,7.0,74.4
4.7,85.2,80.2,62.9,5.6,71.2
7.2,78.6,50.3,49.9,9.2,60.7
0.5,86.7,58.7,70.3,5.9,54.4
8.0,73.6,41.2,59.5,6.4,56.8
1.7,100.0,83.1,59.5,6.1,73.1
4.7,80.2,87.1,81.7,7.1,73.8
3.0,74.7,63.1,60.4,8.6,62.1
2.7,68.0,63.5,64.3,9.1,63.6
8.1,91.2,74.8,64.5,6.5,82.4
4.5,88.4,90.1,62.5,7.5,85.7
6.3,72.0,74.1,68.4,7.1,69.4
5.4,84.9,57.5,50.3,5.8,58.8
6.5,59.9,43.7,32.9,9.9,51.5
5.7,80.2,51.3,42.7,8.6,63.0
2.7,83.4,69.1,68.7,7.2,67.2
7.7,98.5,58.2,62.8,8.9,86.9
4.4,68.8,70.9,67.5,8.5,66.0
2.1,62.7,59.7,58.9,7.1,47.2
4.6,67.3,52.1,47.1,7.4,62.7
8.8,62.0,50.3,47.6,8.8,58.7
7.4,94.0,91.4,74.7,5.9,94.6
4.7,96.6,81.3,72.2,9.0,78.2
4.7,81.8,94.0,69.4,6.7,73.4
4.8,92.7,76.1,73.2,8.8,78.0
10.1,79.6,61.6,67.4,7.0,84.6
6.3,76.9,87.9,66.0,7.4,77.4
6.4,74.0,67.5,70.9,7.0,76.2
7.8,74.3,71.3,63.7,6.4,80.1
6.0,59.4,67.4,58.8,6.7,60.5
4.9,81.2,30.0,30.0,8.7,43.6
5.1,77.5,92.1,60.6,4.2,84.4
5.3,86.9,75.4,69.3,5.5,78.1
5.4,79.1,72.9,71.2,6.1,72.6
7.1,76.0,67.1,55.5,5.7,72.3
5.6,67.5,70.5,74.0,8.8,71.1
7.1,78.9,59.0,63.1,8.5,76.8
5.3,86.9,77.2,61.9,7.7,81.4
5.7,64.3,48.4,47.9,6.2,54.6
1.1,79.0,70.8,83.5,8.6,68.2
7.5,80.8,76.4,57.3,5.1,72.3
6.3,69.4,65.0,62.3,9.6,65.6
7.7,70.9,73.6,60.6,6.2,74.2
0.5,80.8,53.1,60.1,6.7,49.3
10.1,64.4,53.5,60.7,6.5,76.3
5.2,82.2,71.6,61.8,5.7,74.6
7.9,67.3,78.2,73.8,9.3,85.1
3.2,90.8,39.9,67.4,7.9,60.7
6.8,100.0,75.8,72.2,8.5,81.4
3.2,67.7,59.9,61.1,5.5,61.2
4.1,84.4,65.1,57.2,7.2,61.7
9.7,69.3,47.9,48.8,7.6,72.5
5.1,90.5,55.2,56.6,7.3,64.2
6.0,62.8,82.5,72.5,5.6,67.5
7.4,83.8,68.5,73.3,8.3,83.8
6.6,67.5,62.3,55.3,7.1,70.1
5.8,75.5,66.3,72.6,5.9,69.0
6.3,65.6,75.3,75.1,4.8,72.5
10.8,87.9,74.6,74.8,7.7,92.2
5.4,68.0,66.9,54.7,9.9,59.7
5.9,84.6,84.4,67.7,5.8,69.9
7.8,73.9,82.6,62.4,7.2,88.4
7.9,76.6,74.2,72.6,8.3,79.2
8.1,79.8,68.8,53.1,5.5,82.2
6.9,68.9,77.9,70.5,6.4,84.3
3.0,80.5,72.7,56.5,6.0,71.0
9.1,96.4,83.9,81.8,8.2,93.9
3.0,68.7,81.5,67.1,8.6,63.8
6.2,92.1,52.7,67.7,7.2,64.1
3.8,96.0,51.7,66.6,6.0,59.5
5.4,68.2,57.5,65.2,6.5,52.4
6.2,60.5,82.6,77.2,6.2,76.2
6.2,81.6,44.4,51.0,5.8,56.4
6.4,71.4,73.9,54.2,6.9,66.0
9.1,100.0,73.4,61.9,7.7,82.4
6.5,78.4,85.4,54.9,7.6,78.9
5.0,68.4,70.7,52.3,7.0,67.3
7.6,64.2,47.9,47.9,7.1,55.7
8.1,91.1,53.6,52.8,6.9,71.4
2.8,71.1,50.3,49.0,5.4,48.9
6.8,78.5,59.9,61.5,7.2,69.9
7.0,89.5,65.3,60.9,6.3,71.0
4.8,72.2,50.5,41.9,5.4,46.0
8.5,77.4,90.1,73.5,7.4,99.2
5.2,77.8,48.1,43.7,6.3,57.2
5.8,86.2,88.2,72.9,7.3,89.7
5.1,85.1,85.8,84.2,8.0,85.1
5.5,75.4,81.5,66.5,5.9,75.3
3.1,78.8,57.6,70.5,7.1,63.4
2.3,73.5,73.1,75.0,4.8,56.1
9.0,60.3,48.8,42.3,8.8,58.2
3.6,81.1,81.7,61.3,5.4,66.9
3.3,100.0,66.9,66.4,6.4,66.6
0.8,67.4,61.9,65.1,8.6,51.2
4.1,68.7,49.6,45.5,6.7,52.8
2.6,67.6,30.8,46.1,5.6,37.6
9.1,86.7,52.4,65.2,7.9,81.6
7.7,83.4,84.7,66.2,7.8,97.8
4.0,76.1,62.0,52.7,6.2,54.1
10.5,67.0,65.5,63.5,6.4,80.1
7.7,79.1,77.8,68.8,6.5,82.5
4.8,59.2,95.1,66.6,6.8,78.4
0.5,79.7,87.9,70.5,4.7,61.9
10.5,88.5,53.4,55.9,6.8,72.3
2.4,63.0,38.9,30.0,9.1,40.2
1.9,59.6,100.0,81.0,5.9,71.8
7.7,97.0,100.0,80.4,6.3,99.5
10.9,70.7,70.8,39.3,5.6,75.8
8.5,91.6,48.9,54.6,7.7,70.9
6.7,76.2,82.4,63.4,8.4,77.2
6.8,76.1,66.4,74.1,8.4,77.4
7.4,83.3,66.3,57.6,5.5,68.7
7.2,67.4,81.4,57.8,7.6,79.0
6.1,79.6,73.0,69.1,8.7,83.8
5.7,73.4,50.2,45.7,7.6,58.8
5.4,62.2,63.1,49.0,7.6,63.1
3.8,82.0,77.9,72.4,6.4,76.8
4.9,74.8,75.7,57.0,7.3,64.3
1.8,76.1,71.9,51.9,8.5,68.6
5.3,63.5,82.0,79.8,7.4,73.4
3.3,97.1,62.6,68.3,5.5,69.6
3.1,88.5,70.7,63.9,6.5,70.5
5.9,89.6,30.0,43.9,8.5,48.1
8.6,74.3,61.3,61.3,7.4,78.9
7.5,57.2,79.5,70.8,7.1,81.1
2.0,100.0,62.1,58.1,6.3,69.3
3.3,77.3,61.0,60.8,8.4,62.8
7.6,69.0,52.4,47.0,9.0,64.0
3.3,83.0,83.1,69.9,8.5,73.7
5.0,92.0,76.2,71.2,8.7,71.6
6.7,77.7,80.4,68.6,6.6,78.9
3.4,93.3,42.1,57.4,6.4,52.2
5.7,91.0,65.6,67.7,6.8,74.4
2.6,65.1,63.8,44.3,7.0,47.1
4.2,69.9,63.8,46.7,8.7,59.8
6.2,89.5,58.8,56.8,8.4,72.4
2.0,45.4,62.8,65.5,7.6,56.4
6.5,76.2,80.7,61.6,5.3,68.2
5.5,60.8,39.3,40.1,5.0,48.5
6.7,72.3,94.7,70.9,7.3,86.3
6.0,74.4,75.3,60.6,8.1,74.0
8.5,73.7,67.4,61.9,6.9,65.9
5.8,71.4,81.6,78.9,9.3,89.3
4.6,64.8,46.2,50.3,5.7,51.2
5.8,100.0,58.0,55.5,5.5,60.4
6.7,100.0,66.2,88.4,6.2,84.2
5.6,64.1,88.5,70.3,6.2,80.2
5.6,97.0,67.3,61.6,7.6,79.8
4.0,73.2,74.8,75.7,6.5,70.0
4.0,79.6,59.2,53.7,5.1,58.3
2.4,77.2,75.3,79.0,8.1,67.8
9.3,70.1,93.2,66.8,4.9,92.2
2.8,89.8,82.9,84.5,5.7,73.3
4.0,79.5,66.8,63.2,5.1,60.2
3.9,72.3,78.1,76.4,7.2,73.1
7.5,62.3,76.7,78.0,7.2,75.0
4.9,67.3,75.6,54.3,9.3,77.6
8.2,58.3,84.7,76.4,8.1,94.5
4.0,78.1,84.6,59.8,8.7,73.2
6.1,63.6,66.1,48.9,7.3,58.6
3.7,74.8,77.6,60.0,5.8,69.1
10.2,94.4,62.3,66.9,7.2,82.1
2.9,92.4,54.2,58.2,7.7,64.6
6.2,77.6,64.0,58.3,7.8,66.2
6.9,77.0,66.9,62.2,6.4,74.9
6.4,100.0,43.1,58.4,7.6,65.0
5.1,84.2,80.9,75.9,5.9,75.8
5.2,74.1,30.0,48.8,5.7,46.7
5.6,60.9,100.0,89.8,5.7,91.8
5.2,82.7,90.5,75.3,7.0,84.7
7.6,88.0,64.1,58.1,5.6,73.7
10.4,70.4,68.1,65.0,6.5,77.6
4.3,81.5,72.5,56.1,8.1,74.6
2.5,73.6,59.2,50.5,5.8,57.8
5.3,75.8,70.9,70.9,6.4,70.2
11.2,48.1,65.8,52.2,7.1,74.9
3.7,75.3,66.6,50.8,7.3,68.0
9.1,89.6,70.7,54.4,6.4,75.4
9.2,70.4,48.3,49.6,7.9,69.2
4.3,78.6,68.6,71.5,7.7,67.9
6.8,68.9,70.5,70.0,8.4,84.2
9.1,82.3,69.9,64.9,6.9,82.1
4.7,75.4,64.8,75.6,6.4,74.4
5.1,66.7,85.1,67.6,6.2,72.1
4.2,94.0,62.7,61.9,7.4,62.1
3.3,89.1,71.4,46.0,6.5,62.6
4.1,70.7,87.5,67.2,6.3,76.1
2.8,84.0,66.8,69.6,6.5,62.7
5.6,84.4,71.2,77.8,6.2,79.7
3.8,85.7,66.6,56.4,7.2,64.3
6.0,57.7,86.6,70.8,5.3,67.3
2.1,90.1,64.1,71.2,7.4,66.9
6.2,71.2,87.3,70.9,7.8,78.8
7.3,73.7,66.4,41.7,6.3,65.7
1.1,100.0,55.1,62.3,9.3,66.2
6.3,81.6,78.2,74.5,7.0,88.8
8.2,73.4,63.4,50.6,5.1,66.6
2.8,51.5,77.3,58.4,6.7,63.6
9.2,94.7,30.0,35.9,7.1,55.8
6.4,61.9,68.1,37.4,7.5,62.3
3.9,66.0,61.1,63.3,6.7,57.5
5.4,74.0,52.1,52.1,5.8,49.9
6.7,95.0,59.7,74.4,5.7,74.8
5.7,87.3,59.4,66.4,6.2,69.9
6.7,76.1,67.3,58.2,6.3,67.8
3.5,81.7,47.5,50.9,5.6,56.5
5.9,70.8,72.7,67.2,6.1,70.3
2.4,79.7,88.5,81.3,7.8,74.9
5.3,78.9,72.2,67.0,9.0,77.3
3.5,89.6,80.1,80.3,7.9,71.5
3.9,89.6,84.4,71.4,8.6,84.1
8.2,83.9,86.5,65.6,8.2,87.4
7.9,73.7,96.1,75.8,8.0,97.8
6.8,86.9,60.5,61.6,6.6,76.9
3.1,76.9,57.2,46.1,7.2,57.5
4.8,65.0,79.8,54.4,6.5,65.2
8.2,73.2,78.6,70.1,6.7,77.3
5.8,79.0,79.6,65.3,7.1,71.1
10.6,88.9,96.3,78.9,7.9,100.0
6.4,75.8,68.2,58.6,7.5,71.1
5.9,63.5,74.4,74.0,6.8,71.4
4.8,78.7,53.3,64.1,7.1,61.3
5.8,79.4,100.0,70.0,7.5,93.8
5.2,80.2,63.0,55.4,7.8,70.0
7.1,89.0,63.4,68.9,5.2,76.1
7.6,90.2,62.8,66.9,5.7,78.2
3.8,70.9,58.3,54.5,8.3,59.8
2.6,70.6,57.1,45.0,6.9,52.8
1.5,65.5,60.1,49.0,6.5,50.6
6.6,86.4,47.5,48.6,6.7,61.1
3.1,95.4,56.2,62.0,6.7,64.7
0.8,74.2,97.2,90.6,7.7,80.6
6.4,75.1,79.0,61.7,5.7,71.7
11.0,95.6,81.9,65.7,7.0,97.8
5.5,84.1,85.7,72.3,7.3,83.7
7.3,83.2,95.5,86.6,7.5,98.4
5.7,63.7,41.4,32.1,7.3,47.3
5.3,86.1,49.6,65.4,7.6,67.4
7.5,66.9,55.9,51.1,6.3,63.5
4.9,64.4,61.0,48.8,5.9,61.3
6.1,73.8,63.5,45.6,9.9,65.3
6.2,71.0,61.3,62.1,6.6,65.1
4.0,75.3,71.3,61.7,6.8,69.6
7.7,60.7,68.5,59.2,7.8,71.1
5.1,89.5,57.2,51.6,8.9,75.3
3.8,91.5,35.4,44.8,6.3,50.2
6.7,54.6,53.1,44.0,5.8,55.7
3.5,89.7,59.8,59.5,5.5,64.8
5.6,68.3,64.3,52.1,8.9,63.8
5.5,88.3,51.1,42.9,5.8,62.2
7.9,77.2,60.6,79.5,7.0,81.0
6.5,78.3,51.0,41.7,5.8,63.9
5.4,75.8,66.1,61.8,5.3,64.7
7.3,92.5,51.9,42.5,6.6,59.1
8.6,63.1,55.3,35.2,5.9,58.5
6.7,85.3,48.4,53.7,6.2,61.1
5.5,91.2,65.7,65.3,9.4,82.3
2.6,86.6,55.0,67.0,7.5,69.6
3.2,100.0,81.6,78.1,8.1,81.7
4.8,71.7,74.1,62.5,8.0,71.1
4.2,89.5,67.0,56.6,6.9,65.5
5.1,76.7,56.0,67.0,6.5,67.4
5.6,92.8,73.7,76.2,7.3,89.7
6.7,77.9,78.4,57.6,7.2,85.3
5.3,73.3,70.1,62.2,6.3,74.1
6.6,93.7,92.1,80.2,7.2,97.4
5.6,72.1,74.9,61.5,6.2,75.3
1.2,61.0,81.7,71.4,6.8,64.0
3.4,71.8,70.0,68.1,6.6,62.1
5.2,85.4,78.1,67.8,5.5,75.4
2.8,94.7,56.0,57.2,4.2,58.5
6.8,79.3,61.1,70.4,5.9,64.8
8.9,93.8,73.2,76.2,9.2,89.6
8.2,61.7,73.1,61.2,6.6,71.9
5.0,72.7,75.6,51.7,7.9,74.2
8.8,74.5,84.5,72.9,4.5,83.6
5.8,76.6,46.6,55.4,5.8,58.9
4.8,79.0,53.4,32.1,5.4,49.2
4.2,86.3,71.4,67.9,6.8,78.4
4.8,72.7,57.1,51.2,9.9,54.5
4.6,79.7,100.0,78.2,7.6,90.2
5.9,77.5,75.7,58.8,9.0,70.1
5.9,66.9,66.8,57.3,6.7,64.5
5.5,76.6,60.3,68.5,8.6,70.2
6.5,76.3,60.8,53.9,9.5,70.5
8.1,76.0,68.5,69.4,6.9,79.4
7.6,78.4,69.7,56.5,6.4,75.1
2.2,78.9,61.1,64.4,5.4,54.4
0.5,72.8,63.9,58.4,6.6,52.0
7.6,93.3,88.2,79.7,7.1,92.9
2.5,64.0,88.8,69.9,9.4,74.7
5.0,69.3,71.8,66.9,5.4,68.2
2.9,100.0,47.9,35.8,7.1,54.9
1.5,65.5,76.1,51.9,4.8,56.7
6.7,61.8,91.3,74.0,6.5,84.5
7.2,86.8,88.5,59.0,7.4,84.0
4.2,53.1,79.0,57.5,7.6,61.7
0.5,75.2,89.3,72.5,7.7,70.7
4.3,100.0,68.8,61.2,7.5,77.4
6.4,59.5,77.4,56.9,7.7,74.6
2.2,54.2,57.8,52.5,7.1,45.9
5.9,60.0,72.4,67.9,5.7,73.4
5.5,88.8,87.9,67.9,4.8,79.5
6.8,91.5,59.2,55.8,6.3,72.9
5.8,71.8,55.1,47.4,6.8,57.9
3.4,86.2,69.5,45.4,8.5,65.9
8.1,94.7,64.6,65.3,6.9,76.9
5.2,99.4,77.7,80.1,6.8,80.3
5.4,75.0,61.2,65.5,7.5,60.2
3.4,50.4,93.8,62.2,6.7,73.5
4.5,68.1,48.7,38.8,8.0,53.1
3.6,72.9,86.8,71.1,9.4,79.7
5.1,74.9,56.5,61.4,9.6,66.5
9.3,75.7,41.1,47.8,7.1,59.7
2.5,91.4,71.6,69.5,7.4,73.3
2.0,93.3,64.2,72.8,8.9,71.2
8.7,75.9,51.4,46.3,6.8,62.3
5.0,91.2,42.8,49.6,7.8,59.4
4.0,82.3,67.9,76.0,5.6,73.0
7.8,78.8,82.6,68.6,6.6,82.3
4.2,88.9,76.8,59.3,8.4,72.5
9.5,78.9,68.9,57.3,6.1,81.4
7.0,100.0,75.2,63.9,6.8,75.3
4.4,60.7,67.6,60.2,5.1,56.3
10.2,71.8,46.6,41.4,9.4,63.5
4.2,76.5,46.7,52.0,8.5,47.1
7.1,83.3,65.0,55.7,7.2,77.3
6.2,93.2,65.6,47.4,7.6,61.8
8.4,77.7,80.8,71.3,7.5,88.0
8.9,60.9,79.4,65.1,8.7,87.1
5.6,88.1,77.1,73.6,6.4,77.7
3.8,87.1,63.8,56.5,7.9,61.9
6.5,54.7,47.3,38.5,8.3,54.5
4.0,78.0,74.2,68.5,8.5,72.2
9.9,58.9,75.9,73.6,4.3,86.2
5.8,70.0,32.2,40.3,6.3,34.1
4.7,67.2,55.5,55.7,5.8,52.9
5.9,87.7,57.6,56.0,7.2,69.3
2.5,79.4,69.8,50.9,4.6,58.4
3.4,62.6,55.9,59.1,4.5,55.9
8.1,88.6,67.4,71.5,9.6,84.8
4.1,60.8,64.8,61.5,7.7,61.4
3.2,82.0,65.6,60.1,7.1,62.0
6.7,68.2,57.3,58.3,7.4,76.0
8.1,73.6,58.4,62.7,7.2,78.6
7.1,84.1,51.8,67.5,8.2,72.4
7.7,84.3,73.7,74.5,6.2,82.4
3.8,94.0,76.6,71.1,7.2,77.8
2.4,77.0,56.4,44.8,7.3,55.9
8.8,81.7,90.8,76.6,5.7,94.5
4.8,72.7,63.3,60.0,8.5,62.5
4.9,80.2,91.0,80.8,6.5,92.2
8.4,83.3,58.4,68.8,8.2,78.0
6.7,76.8,37.6,44.1,7.1,63.0
6.5,56.4,74.0,76.6,9.0,77.7
10.3,82.0,71.7,50.9,5.8,80.0
4.1,82.4,68.5,66.6,5.7,73.6
7.5,69.8,58.4,48.2,5.9,65.8
5.6,62.6,67.5,42.5,7.2,62.9
6.1,95.7,60.3,60.5,8.8,67.5
8.9,83.9,63.5,49.2,8.9,79.6
6.6,75.3,80.6,66.9,4.2,74.6
6.7,64.4,70.8,60.3,7.3,69.6
7.9,68.1,77.1,73.4,4.0,76.3
4.7,93.6,64.5,51.8,8.0,69.8
3.7,79.7,62.9,66.8,8.3,58.8
3.2,71.4,50.7,51.5,7.0,50.9
1.2,84.1,62.4,68.6,7.1,63.6
10.0,68.2,30.0,35.1,7.1,49.3
3.1,96.0,59.1,50.8,6.1,60.2
5.0,94.2,66.8,55.6,7.5,67.5
4.9,72.4,76.5,54.8,6.7,67.5
6.2,70.5,64.0,61.6,8.1,76.9
7.3,46.6,73.2,68.7,6.9,65.1
7.4,60.2,35.3,34.9,6.0,51.4
4.2,61.9,67.1,62.4,5.2,59.2
5.1,79.6,42.8,36.3,4.8,46.2
6.1,74.1,49.9,52.4,8.6,56.3
5.0,61.9,65.2,61.7,6.5,67.0
9.0,74.6,87.1,60.0,7.4,86.7
6.6,84.1,73.6,64.9,9.1,78.2
7.1,84.3,68.3,69.4,6.3,77.2
7.0,55.2,67.7,32.6,6.2,60.3
8.1,76.5,57.3,66.3,6.8,63.2
5.9,61.4,59.8,56.1,7.0,60.1
2.6,88.8,74.4,73.9,9.3,77.0
6.4,87.4,47.2,49.5,8.9,56.3
4.1,67.2,76.9,50.3,7.7,61.4
4.3,68.8,62.2,60.7,8.7,61.8
6.8,72.5,80.4,66.7,6.8,76.0
8.2,51.0,82.4,63.3,7.4,79.2
5.5,82.0,42.9,57.8,6.6,52.4
6.2,74.7,59.3,62.4,5.5,63.9
9.2,89.6,55.2,73.1,8.4,79.8
6.0,64.8,40.8,44.9,7.6,54.9
11.2,70.6,52.5,46.0,7.0,77.5
6.7,59.9,100.0,73.5,7.0,86.6
1.6,65.9,77.1,67.2,5.2,69.8
7.2,63.8,96.8,82.3,5.8,88.5
6.3,90.0,80.4,60.0,7.4,84.1
8.3,69.6,56.9,53.8,6.4,76.4
7.0,79.5,62.3,72.0,6.7,74.3
5.2,73.4,76.8,63.7,6.9,66.7
2.8,62.8,74.6,69.2,6.2,64.6
5.0,76.0,59.3,60.6,5.8,59.9
3.6,85.2,45.4,58.9,5.1,51.8
4.2,63.5,100.0,69.4,6.8,89.7
6.8,87.7,65.9,56.7,7.7,68.2
9.2,67.8,63.1,56.8,5.0,73.3
6.4,72.2,69.7,49.1,7.0,64.9
2.9,84.4,64.4,59.4,7.3,61.1
6.5,70.0,69.8,62.9,5.8,74.3
8.1,78.5,87.3,86.9,8.7,95.5
4.2,74.2,66.1,63.1,6.5,63.8
5.2,79.6,50.6,57.7,6.9,57.1
5.5,49.4,65.6,62.7,6.8,64.6
3.8,56.0,61.0,44.8,4.9,59.1
6.9,85.4,89.4,74.2,8.2,85.6
5.2,90.4,85.6,94.1,5.9,95.7
6.4,67.1,69.6,59.4,6.7,75.4
3.5,75.1,48.8,59.5,7.7,61.3
4.5,81.5,49.6,60.4,8.8,62.1
7.1,86.3,68.2,52.3,5.7,77.5
4.7,53.7,73.0,61.1,6.5,60.2
9.3,67.4,62.4,57.3,8.7,72.6
4.6,74.0,60.8,59.6,7.6,66.9
6.0,86.4,59.1,53.1,7.8,68.7
7.6,100.0,67.6,58.2,5.7,76.8
2.4,75.3,32.3,37.8,6.5,26.5
1.6,61.1,51.5,47.8,6.8,42.9
2.1,82.8,58.6,67.4,6.0,52.7
8.3,93.9,86.1,90.4,5.0,96.5
4.3,79.3,55.8,66.7,6.4,61.0
11.1,67.1,70.7,67.5,8.6,83.9
4.3,89.5,71.4,58.6,7.1,82.0
5.9,86.0,87.5,71.4,8.6,90.7
8.9,65.7,86.9,70.9,7.2,92.7
9.9,82.6,67.1,57.5,6.1,89.9
10.0,90.0,60.9,65.6,8.5,86.7
8.2,92.2,58.0,65.7,7.3,72.9
7.8,77.2,64.4,64.0,8.2,71.8
6.8,73.7,61.5,65.5,5.7,73.4
7.2,92.7,76.3,62.9,8.2,73.5
4.3,63.5,74.3,69.2,8.3,69.8
3.7,83.3,76.9,62.6,7.3,61.4
5.5,61.6,86.9,60.7,6.0,75.0
5.1,90.8,95.9,84.7,6.9,94.4
4.5,74.9,69.9,71.9,7.7,72.2
7.0,93.2,84.5,78.7,7.3,93.6
7.6,83.9,62.7,60.6,7.7,83.3
5.7,63.3,85.8,70.5,8.2,78.8
8.8,95.1,83.9,76.0,6.2,100.0
3.0,96.6,83.1,65.8,5.6,75.0
5.1,88.6,69.4,55.4,7.0,74.4
3.9,68.9,58.0,53.5,6.6,54.0
1.4,74.3,47.1,50.1,7.9,53.8
5.3,79.7,67.4,62.1,5.7,73.0
5.2,69.6,91.0,77.9,8.2,90.4
8.8,98.3,63.4,62.7,8.6,82.5
6.9,79.7,79.8,73.3,7.0,76.9
3.2,45.6,80.7,59.6,7.1,65.2
9.6,82.1,63.7,75.1,6.1,74.2
8.2,73.8,87.7,72.3,6.3,86.0
6.8,77.1,30.0,59.5,6.5,54.7
5.0,73.6,49.7,53.6,8.7,69.4
3.4,87.7,54.3,55.1,6.9,59.6
4.7,91.4,55.7,51.3,5.4,61.1
7.9,81.4,73.0,54.0,7.3,77.4
9.6,73.9,72.4,55.4,8.0,75.3
8.9,77.5,73.9,58.0,7.0,81.0
4.4,78.2,76.9,70.0,8.8,75.8
3.0,68.4,53.7,47.4,7.9,47.6
5.8,84.9,49.7,55.1,5.7,55.1
1.6,83.5,73.9,76.8,6.3,64.7
6.2,96.5,58.5,60.6,7.3,71.2
5.2,93.1,44.4,69.3,5.0,58.7
4.5,69.8,82.6,58.5,7.4,67.6
2.0,87.8,88.9,74.6,4.9,75.3
6.6,66.6,91.4,67.6,8.2,86.9
4.3,86.4,70.8,73.0,8.1,74.3
2.9,71.8,77.4,47.6,7.6,61.0
0.5,65.7,88.5,58.6,6.2,65.4
5.4,81.4,58.4,56.6,7.2,63.8
9.4,45.9,84.7,75.5,6.4,79.2
9.2,57.0,72.1,60.7,5.8,80.6
4.5,75.9,81.7,58.1,6.6,73.8
4.2,79.0,70.8,54.1,7.8,66.5
6.5,73.6,87.4,84.9,7.1,79.8
3.3,59.0,71.4,54.1,8.7,58.5
6.2,68.2,45.7,39.6,7.9,63.6
7.2,82.7,89.8,86.9,7.8,86.1
8.2,85.0,53.8,63.9,5.1,69.1
5.3,77.8,86.8,82.4,6.7,83.2
5.1,91.9,66.6,57.0,5.7,70.0
3.6,82.8,85.6,60.6,6.8,67.2
3.7,69.0,85.0,70.1,6.2,73.7
5.0,74.6,74.5,67.3,6.5,64.4
6.3,61.2,75.6,64.8,8.3,74.8
7.5,76.7,74.3,76.9,7.6,79.4
3.7,91.3,37.8,34.7,8.2,44.0
8.8,86.2,69.8,71.8,5.1,85.4
4.9,94.8,51.3,48.1,7.1,59.4
5.5,74.4,70.6,69.3,8.2,75.7
3.9,94.2,50.9,52.7,8.8,62.7
0.5,75.7,50.2,45.0,5.1,47.6
7.4,95.7,92.1,74.7,6.6,87.4
7.1,77.7,84.0,59.1,8.2,86.4
4.9,86.5,67.9,64.3,6.8,70.6
5.6,95.7,70.8,61.7,5.9,72.3
6.6,75.7,64.3,65.6,5.1,64.5
2.1,80.6,76.5,72.3,5.9,70.0
4.3,93.5,57.9,73.7,5.0,61.9
7.2,76.4,82.9,72.6,7.1,86.4
2.7,62.1,64.2,60.0,8.1,67.0
6.1,100.0,61.7,75.1,5.5,79.2
2.5,72.4,68.3,55.6,7.3,66.2
6.5,79.9,59.1,45.6,8.0,62.4
5.4,91.9,72.9,69.7,7.0,80.3
1.9,70.7,59.9,44.2,5.1,43.8
8.1,65.9,75.0,82.4,7.5,82.3
3.9,81.0,86.2,84.3,6.9,88.5
3.7,56.5,57.2,67.9,6.8,54.4
5.9,74.5,66.0,60.4,6.3,73.3
8.0,80.9,74.9,70.8,7.1,87.3
3.3,74.8,61.5,53.8,7.6,63.9
5.6,59.5,75.0,68.2,9.9,68.7
6.4,97.1,76.3,61.5,7.1,82.5
7.0,79.2,84.2,50.8,8.8,80.3
5.9,95.2,58.9,54.9,7.4,73.7
4.7,74.9,53.9,41.7,6.9,47.9
3.7,67.4,63.4,68.5,7.2,64.5
5.7,81.2,53.5,69.3,5.5,65.6
3.1,75.4,76.5,54.7,7.4,57.0
0.5,63.9,50.6,59.1,4.6,38.8
6.5,95.6,100.0,91.5,6.0,89.7
7.5,70.5,87.4,58.1,7.1,78.9
0.5,55.9,68.2,53.4,8.4,54.4
3.3,93.9,81.0,68.4,8.7,77.9
6.9,71.9,43.4,52.8,6.7,58.8
10.0,70.7,100.0,67.8,7.2,92.6
5.5,56.8,59.1,50.9,8.2,65.0
3.9,98.9,66.2,60.6,5.4,67.2
5.1,62.5,40.2,46.5,7.5,49.3
8.5,78.7,75.3,64.4,6.0,85.3
4.1,89.0,51.4,51.2,6.8,53.3
3.7,83.1,69.5,62.3,6.4,67.6
4.4,77.3,59.8,73.5,7.5,68.4
3.4,57.6,51.8,44.6,7.7,46.6
5.8,68.3,55.9,44.5,8.1,62.7
9.1,80.3,71.4,69.0,7.4,85.8
6.2,68.6,48.8,47.8,7.2,57.0
4.9,80.4,56.8,45.0,9.2,60.9
4.9,86.2,77.9,87.2,5.2,81.7
2.1,89.6,100.0,79.6,9.0,88.8
7.4,63.3,75.2,59.2,6.7,74.8
5.3,100.0,54.2,61.1,7.7,72.8
5.1,87.2,62.5,75.0,6.6,74.0
12.0,78.0,68.5,48.7,6.2,75.0
6.2,91.1,62.8,64.5,7.6,66.9
3.8,100.0,81.5,91.5,8.3,90.5
4.6,60.7,71.3,60.4,7.6,64.9
8.0,75.3,81.6,58.8,6.3,81.8
5.7,49.5,63.3,47.2,10.0,67.0
2.3,80.3,87.9,75.1,8.4,76.4
7.5,82.4,65.5,72.3,8.1,78.8
4.0,77.5,53.4,51.0,6.6,52.0
9.6,70.1,100.0,84.1,6.2,100.0
7.9,53.4,40.6,30.0,6.7,52.5
4.5,82.5,56.9,45.4,8.3,57.6
8.3,95.5,58.6,57.2,5.8,69.8
5.6,70.9,100.0,89.2,5.7,100.0
7.4,83.3,95.1,78.7,7.6,93.4
6.6,59.2,90.4,71.8,7.4,79.7
3.6,83.5,63.0,62.7,6.1,66.3
4.1,73.3,100.0,87.2,5.7,85.6
7.8,68.9,73.5,57.8,8.7,72.6
4.8,68.9,82.7,73.2,7.4,78.8
4.6,73.3,70.7,55.6,5.4,61.0
3.4,82.6,67.3,78.5,5.4,74.8
6.4,62.3,64.2,49.5,6.6,66.1
10.0,73.2,64.9,51.9,7.9,76.4
3.2,77.5,77.1,71.2,7.7,71.8
5.6,64.8,73.5,62.3,8.4,75.8
8.6,99.6,67.5,69.6,5.2,83.1
5.3,67.8,90.6,73.6,7.3,91.1
6.5,70.0,30.0,30.3,8.7,51.7
3.2,66.3,75.6,76.1,8.6,72.7
6.4,99.6,78.8,80.4,7.4,82.7
5.1,84.6,85.2,83.9,9.8,86.2
7.7,66.8,67.0,54.3,7.7,74.0
8.1,91.3,71.1,70.3,8.3,80.6
11.2,80.4,82.8,72.2,7.1,100.0
6.8,81.1,90.4,84.0,6.1,85.0
6.2,73.9,63.5,67.7,5.9,66.3
5.9,69.0,72.0,63.4,7.2,69.2
4.7,82.1,93.2,64.6,6.7,84.6
6.2,71.5,36.1,57.0,4.9,48.3
4.9,99.8,57.6,66.1,5.8,59.6
5.9,62.8,90.0,65.3,6.6,83.9
8.4,96.4,84.4,78.8,7.9,92.2
3.3,76.7,75.8,53.8,7.0,60.9
8.0,81.6,61.3,67.6,6.9,71.9
8.4,88.0,54.8,45.4,5.8,75.6
5.2,70.4,59.1,53.3,7.0,58.3
0.8,88.4,91.2,79.2,8.6,76.4
4.2,45.5,58.6,56.9,7.2,52.6
8.4,69.4,69.5,61.4,5.2,69.1
5.4,66.9,56.7,58.0,5.5,56.3
3.3,63.0,80.6,64.9,7.7,62.9
4.4,75.4,59.9,56.5,6.7,65.4
7.3,82.6,66.5,62.9,6.9,75.5
6.7,86.4,42.7,48.6,6.3,69.8
5.0,80.9,43.8,35.8,7.6,48.6
4.7,70.0,68.1,53.8,6.6,60.1
4.6,82.4,48.1,54.0,6.8,63.7
3.5,79.5,99.6,77.7,6.0,88.0
9.1,89.2,37.1,46.5,8.1,65.8
4.8,87.3,56.0,55.0,6.7,57.3
8.2,78.4,68.3,55.3,7.7,84.2
8.8,67.2,62.5,52.2,5.6,69.6
7.7,70.2,51.4,48.4,9.1,63.0
4.6,71.4,53.6,52.4,8.5,63.7
6.4,74.2,53.1,55.9,4.7,60.5
5.4,81.2,63.7,58.9,6.0,61.3
3.5,86.6,97.3,71.9,7.6,83.9
6.2,77.4,69.2,51.2,5.4,64.5
2.9,78.2,85.7,92.5,6.8,65.7
8.1,79.7,75.6,57.5,7.5,76.2
4.5,71.8,84.7,65.4,6.8,72.5
5.9,66.9,30.0,42.4,7.6,41.1
6.1,56.9,63.4,57.0,6.2,65.7
4.9,69.7,87.6,74.8,4.3,73.2
6.8,83.7,59.4,55.1,8.2,72.1
4.5,69.6,94.4,76.2,8.2,77.6
7.4,75.1,90.3,73.9,10.0,95.2
2.5,83.6,61.0,57.0,4.4,50.4
5.8,84.2,60.5,61.3,7.9,58.6
9.8,65.0,52.8,58.7,4.6,73.7
3.3,90.0,58.6,59.6,9.1,59.9
4.0,91.5,49.5,55.0,7.6,66.7
6.6,64.4,74.4,70.6,5.9,76.8
5.9,68.1,46.2,55.1,7.9,61.4
6.3,92.3,77.1,83.2,6.3,88.7
6.6,76.2,77.4,52.6,7.4,75.6
6.9,51.4,43.1,48.8,7.2,53.9
7.9,61.2,91.2,75.3,9.1,95.2
6.4,75.0,75.7,58.3,9.2,77.3
5.0,64.0,79.2,66.6,6.3,68.5
7.0,73.0,56.6,62.8,8.3,71.6
9.7,78.4,77.3,60.5,7.4,76.0
5.2,95.5,84.9,79.1,5.3,89.4
3.4,74.5,66.5,67.2,6.2,69.7
7.9,90.9,98.0,73.1,9.8,100.0
5.2,95.1,68.7,65.4,7.4,79.5
0.7,95.2,85.1,78.0,8.2,74.0
7.4,81.4,72.4,58.8,6.7,76.2
4.3,54.4,76.8,53.8,6.4,58.2
5.3,83.5,42.9,48.4,7.0,63.0
6.2,90.6,73.6,74.5,6.7,77.7
5.9,77.0,57.0,60.7,5.2,65.0
7.1,98.9,55.3,53.2,5.8,70.0
4.5,88.3,94.2,84.1,7.8,82.4
6.6,84.8,64.8,55.2,6.5,62.7
4.9,91.0,53.0,44.0,7.0,59.4
7.1,82.0,62.6,57.0,7.3,69.4
6.9,48.1,48.5,52.7,7.4,56.0
3.4,72.0,89.5,77.5,8.4,83.8
7.9,92.4,57.6,59.8,5.7,73.3
4.3,68.3,75.9,60.5,7.7,72.5
7.3,75.3,88.3,69.3,7.9,88.7
6.3,65.5,60.5,55.5,8.2,64.2
9.5,99.4,76.0,63.1,5.3,82.6
5.0,98.2,52.5,55.6,7.3,65.2
4.7,67.4,100.0,75.1,9.1,87.0
5.5,79.8,82.0,59.2,6.9,80.4
4.8,69.8,65.1,51.5,7.6,62.5
7.3,85.4,56.4,60.7,7.9,69.9
1.9,84.1,66.3,62.6,5.8,59.0
3.2,87.7,62.9,59.0,9.2,60.9
3.2,82.0,97.3,71.7,7.6,88.5
7.6,100.0,49.6,69.9,7.6,78.8
9.3,65.7,70.0,53.2,5.0,68.8
5.3,57.5,67.7,58.6,8.0,69.0
5.1,73.3,66.2,55.8,7.6,57.9
5.7,59.2,66.4,56.6,8.9,71.0
8.1,60.1,66.3,60.2,6.6,68.4
3.5,66.0,81.1,55.1,5.8,67.4
6.0,66.9,77.1,64.1,6.2,64.5
7.6,66.5,74.3,72.0,6.4,72.7
6.6,84.2,30.0,56.6,5.7,55.4
5.9,71.9,72.5,61.8,8.5,70.3
7.7,75.8,43.2,48.0,8.6,57.7
0.5,88.7,77.7,87.6,6.8,76.3
7.0,68.8,90.1,80.8,6.5,96.9
4.1,74.8,54.1,48.5,4.8,57.7
1.5,82.4,64.1,55.9,7.8,53.0
6.6,54.7,59.0,58.8,9.0,73.1
8.5,49.4,86.5,56.8,6.2,71.9
5.2,82.2,69.4,72.4,6.9,71.9
7.6,83.9,93.9,80.3,7.5,94.4
9.0,100.0,74.2,75.0,9.1,100.0
8.4,79.9,71.6,62.3,7.2,84.1
9.1,87.8,69.0,59.9,7.2,79.4
7.1,75.7,80.3,79.8,7.2,80.0
5.7,81.6,41.9,46.5,5.3,57.7
2.0,98.0,69.3,64.3,5.3,62.0
5.0,52.5,66.9,54.3,6.0,61.2
3.6,83.0,78.9,70.7,8.2,68.5
10.3,100.0,65.2,57.6,6.6,86.6
5.1,81.4,52.4,49.7,6.4,60.7
5.8,97.8,68.1,62.0,6.3,68.5
6.7,70.4,51.8,57.9,6.8,67.3
5.6,77.6,39.1,38.8,9.0,55.0
9.2,78.4,78.9,53.9,6.8,86.1
4.1,51.4,76.7,44.3,6.1,58.2
5.9,64.0,75.0,50.5,7.0,69.6
3.9,64.8,87.5,80.2,9.1,79.5
2.6,87.9,58.0,59.0,6.4,57.7
4.2,88.5,46.5,56.7,5.6,56.5
5.4,81.9,66.9,66.6,6.4,76.2
4.6,87.9,62.8,62.0,7.2,72.2
4.0,76.0,55.4,53.9,7.8,53.1
2.4,92.4,66.8,73.2,8.2,72.7
5.3,78.1,58.8,58.0,5.7,68.2
2.2,78.7,40.5,58.1,5.9,45.6
7.2,74.8,61.4,62.4,6.6,72.6
5.7,86.2,51.0,49.7,7.8,64.0
2.3,72.9,71.5,58.6,5.5,56.2
4.8,89.7,58.2,53.6,6.3,61.3
3.8,64.4,84.7,77.4,6.3,77.4
6.2,64.8,92.1,68.6,8.1,81.3
8.4,86.2,78.2,63.2,7.6,89.4
1.4,76.9,44.7,51.4,8.1,52.3
5.8,72.6,90.6,72.2,8.6,89.9
5.1,88.7,91.6,79.9,6.6,95.5
7.0,70.7,68.3,75.4,5.6,74.2
6.0,75.6,87.8,79.5,5.6,84.1
3.8,94.8,59.7,61.8,4.8,64.2
4.8,96.5,40.0,39.9,6.4,52.1
3.7,96.9,56.6,56.4,6.5,64.2
7.9,74.6,93.9,81.0,7.9,86.0
5.5,92.8,45.6,43.9,7.0,58.6
9.7,66.6,68.0,76.2,6.4,75.4
5.4,67.1,68.5,59.6,6.9,62.8
3.9,49.8,60.3,51.0,5.8,55.9
2.2,98.1,61.3,57.9,8.2,61.5
1.5,67.6,69.1,63.9,6.1,60.8
2.0,76.5,59.6,47.6,5.6,50.6
6.1,67.1,46.7,64.8,8.0,65.9
6.6,86.3,71.2,76.3,7.7,79.3
2.0,73.5,84.1,77.5,4.9,60.7
7.5,62.3,81.0,54.0,8.0,78.4
4.4,83.3,55.9,58.2,6.1,50.8
5.8,60.8,49.2,56.9,6.6,50.1
9.0,68.0,63.7,61.8,7.2,71.3
7.5,52.7,91.5,60.5,7.7,77.3
4.9,60.9,77.7,57.8,7.5,66.7
3.5,80.1,78.6,64.6,6.9,66.2
0.8,54.4,81.3,58.5,6.5,51.8
3.9,60.2,74.3,73.1,7.5,75.6
5.0,78.0,69.8,47.5,6.9,62.8
3.3,71.5,77.9,71.0,9.2,62.2
5.2,100.0,59.8,52.6,7.7,66.4
5.7,100.0,46.8,48.0,5.9,55.1
5.0,67.6,78.8,49.2,6.4,64.1
4.1,84.7,86.6,69.4,7.1,81.8
5.9,87.0,51.2,67.0,8.6,65.6
6.5,70.8,80.3,69.0,8.7,75.4
3.1,60.1,93.2,61.7,6.5,73.7
8.6,77.9,68.0,70.0,5.9,84.2
5.3,75.9,55.7,64.5,5.7,64.9
5.5,72.8,69.8,62.4,7.3,59.2
7.1,83.3,59.7,74.9,9.8,72.3
6.0,69.0,58.7,61.1,7.6,65.7
7.6,64.2,74.5,67.5,5.1,74.2
6.1,79.3,43.9,42.5,6.1,53.0
4.2,82.6,46.3,56.1,6.3,50.6
6.3,63.9,68.3,60.3,6.0,61.7
3.0,89.1,67.7,68.7,6.5,75.8
5.7,56.8,73.2,54.0,7.4,67.3
5.4,71.1,96.1,76.7,7.8,89.3
5.0,74.9,69.6,55.5,8.3,68.6
5.2,70.4,77.0,47.8,7.6,69.3
1.4,71.2,53.4,60.2,4.7,48.0
4.3,100.0,79.5,61.7,5.7,70.4
5.7,67.8,60.1,55.9,6.8,56.2
5.9,100.0,69.1,70.7,7.2,80.1
3.2,83.2,66.4,64.9,8.0,66.9
8.3,79.1,83.5,68.4,7.1,90.9
3.6,83.7,48.4,54.7,7.1,58.4
7.6,100.0,33.8,52.4,7.3,57.7
6.4,66.1,64.8,63.0,6.7,73.5
4.1,64.6,75.0,76.3,7.1,74.2
9.4,68.9,70.3,62.8,8.4,84.2
2.9,78.4,86.5,72.7,6.9,84.9
7.5,57.3,74.6,53.1,7.0,81.2
7.7,78.3,59.5,60.8,7.0,74.5
4.0,98.3,33.1,53.1,8.6,55.4
8.6,79.8,64.4,58.8,5.7,79.5
4.9,74.5,83.4,73.9,9.1,77.6
6.1,70.6,62.1,54.5,5.6,61.4
6.1,88.8,68.4,70.2,6.2,78.2
5.2,68.1,74.3,70.2,7.9,69.4
7.3,100.0,52.8,66.2,8.2,76.7
7.2,100.0,77.3,73.5,5.3,85.2
1.7,81.1,92.6,67.9,5.7,68.9
8.4,77.9,65.4,55.5,7.3,75.1
1.8,90.4,51.1,60.5,9.8,63.1
7.8,91.1,67.0,84.2,8.5,85.6
8.0,68.3,34.6,38.4,6.7,52.8
3.1,71.7,73.1,66.8,4.1,64.8
4.6,62.1,74.8,57.2,7.1,68.8
3.1,82.9,93.1,69.1,7.4,77.5
5.0,86.0,65.1,56.9,6.5,68.7
4.8,61.8,74.1,44.5,6.0,57.8
7.2,72.5,55.1,64.3,7.2,64.3
8.4,61.8,62.7,37.1,5.9,61.5
8.6,67.2,45.1,44.5,9.2,64.9
4.3,84.6,65.1,52.5,8.8,67.0
5.0,69.2,63.4,50.1,7.8,62.0
1.8,74.4,72.5,74.5,7.1,68.2
3.7,58.5,58.6,53.5,6.2,55.7
7.6,80.2,69.3,55.4,7.0,73.6
9.1,77.5,63.0,54.3,9.0,72.3
2.8,69.3,63.0,50.9,8.0,53.4
4.2,75.7,69.2,61.6,7.2,60.3
5.4,80.2,68.6,64.2,8.1,72.8
6.1,68.2,79.4,80.9,7.7,76.7
3.7,60.3,66.2,41.2,7.5,54.0
6.4,99.7,62.8,64.2,8.2,75.4
4.5,70.4,65.3,56.0,7.6,68.4
5.5,76.8,57.3,63.3,8.0,70.2
6.7,90.1,62.6,64.8,7.2,73.6
5.5,100.0,98.5,88.9,6.7,100.0
4.5,63.1,54.3,53.4,6.3,46.0
5.3,83.4,63.8,53.5,6.2,74.1
5.3,69.5,62.2,66.3,5.1,67.3
4.7,71.5,64.3,64.6,5.9,64.9
4.9,69.4,63.0,64.3,5.9,59.8
9.0,64.5,72.2,70.9,6.4,78.1
6.7,77.5,42.3,51.0,8.9,62.6
4.8,60.3,83.6,77.9,6.8,78.8
7.0,89.4,77.5,73.0,7.3,86.8
4.8,78.7,49.4,50.1,7.3,53.5
8.1,83.1,34.0,44.4,8.9,54.8
6.3,72.4,53.3,52.2,6.3,61.7
5.3,73.6,64.4,54.7,6.7,68.3
6.5,81.5,100.0,93.4,6.9,96.5
2.0,64.0,76.1,65.2,8.4,70.9
3.0,73.7,40.9,46.7,8.6,47.6
2.9,67.7,57.7,56.8,7.6,55.6
5.8,67.3,67.2,82.6,8.5,78.0
9.3,52.7,71.8,48.6,7.2,79.0
10.4,94.1,48.3,48.3,6.8,66.8
6.9,69.8,66.0,47.7,8.4,63.9
6.6,92.0,57.2,57.6,7.6,68.6
1.5,90.8,51.4,57.9,6.1,66.5
4.3,62.6,71.9,56.5,8.2,64.4
3.8,64.9,79.6,60.7,6.7,67.4
4.1,100.0,80.6,75.5,6.6,82.6
5.1,99.0,76.6,67.9,8.1,84.3
4.5,77.6,60.5,60.2,6.9,64.0
1.1,81.1,78.7,77.5,7.5,74.0
7.1,70.4,72.6,67.9,7.8,71.8
3.1,83.2,70.0,71.3,6.1,63.8
6.0,69.4,58.8,63.4,7.5,71.3
10.1,53.6,60.5,53.9,8.6,73.1
3.5,62.1,69.1,57.3,5.9,54.2
0.5,78.3,100.0,73.4,7.5,69.9
4.9,64.4,72.5,57.8,6.0,62.2
7.9,77.2,58.8,52.5,8.2,70.5
9.8,65.1,55.5,57.7,8.2,74.9
2.8,68.6,60.6,58.3,6.6,54.8
6.6,88.2,100.0,87.6,9.7,100.0
4.5,81.0,62.0,50.1,8.3,61.5
5.3,77.9,81.6,80.8,7.8,87.0
11.3,88.5,62.4,58.0,7.8,95.8
2.2,83.8,71.9,56.7,8.2,62.6
6.1,95.4,79.9,69.3,5.8,83.6
6.5,72.5,59.4,75.7,7.2,72.8
7.9,72.8,58.4,52.2,7.5,69.3
5.7,62.4,92.9,69.1,6.5,83.6
6.2,72.9,82.8,67.2,7.6,82.0
4.6,89.6,79.9,70.2,8.5,77.2
6.1,93.6,79.8,66.0,6.5,86.8
4.7,89.5,74.9,69.7,6.9,76.3
6.9,56.5,98.3,81.8,6.0,86.1
4.7,91.0,68.7,68.0,4.9,81.3
6.3,55.9,76.7,52.3,7.9,69.8
5.4,88.8,46.2,49.9,7.0,59.6
8.0,73.6,55.6,49.6,7.1,67.5
5.4,86.4,50.0,54.5,5.8,59.2
1.6,62.0,87.1,79.0,6.8,71.9
8.3,92.1,30.0,43.3,8.3,54.7
3.5,60.4,62.0,53.5,7.0,59.0
4.1,70.0,30.0,53.2,7.0,36.4
4.2,66.0,55.5,59.0,7.2,51.9
8.5,56.9,60.6,57.1,5.5,75.6
0.8,79.1,88.8,89.3,7.7,69.9
12.0,99.7,73.9,74.5,5.5,86.9
7.8,100.0,55.5,44.6,5.9,63.4
6.0,79.2,84.0,77.7,5.7,89.7
5.4,91.4,68.3,52.7,6.8,62.0
6.1,80.8,68.6,66.5,6.6,68.9
6.6,84.0,50.0,39.8,7.0,53.3
6.9,73.9,53.1,48.9,5.9,60.1
6.7,80.3,55.6,52.7,8.2,64.6
5.7,84.4,68.7,57.7,8.0,69.9
5.1,71.1,69.2,58.0,6.8,75.3
5.2,77.1,91.2,82.7,6.4,79.4
5.1,77.3,73.8,59.2,6.3,69.8
8.0,87.9,30.0,47.8,6.6,57.9
6.8,65.2,71.9,53.1,5.3,64.4
0.5,77.4,46.2,48.2,5.8,44.0
6.9,100.0,53.5,62.0,8.0,70.3
5.9,92.0,55.8,50.7,7.4,67.3
5.5,94.2,58.0,50.0,9.0,67.0
4.6,78.3,47.4,54.6,6.6,46.4
8.0,81.9,71.1,73.6,6.6,87.2
7.6,90.0,46.8,52.6,6.5,74.2
3.8,96.7,73.4,65.9,6.6,71.7
6.4,54.6,100.0,74.9,6.2,81.4
3.4,62.2,48.1,47.4,7.3,55.3
2.5,93.7,63.7,65.4,7.0,72.7
4.1,74.7,30.1,30.0,6.4,38.2
7.4,69.9,63.5,48.8,8.5,68.4
7.6,63.0,77.6,56.7,9.3,77.7
6.6,71.3,78.8,67.4,8.4,72.0
7.1,61.2,69.2,59.8,7.7,70.3
6.6,100.0,81.3,79.8,7.9,96.8
4.1,77.7,100.0,81.5,9.2,88.0
6.5,77.3,93.7,65.5,7.9,81.9
7.3,85.1,60.2,71.0,6.3,76.2
7.2,89.5,46.2,63.0,7.5,64.0
8.1,89.4,61.9,51.3,7.8,74.0
7.1,90.9,53.8,60.0,5.8,62.6
6.3,70.4,74.8,59.0,6.7,68.1
7.9,74.4,50.3,52.4,8.3,69.3
5.4,87.2,66.9,72.0,4.8,71.9
3.6,71.7,80.6,84.3,5.5,70.5
5.1,77.9,66.5,67.1,6.8,69.9
3.9,82.8,53.8,57.6,7.4,56.6
4.0,87.4,85.6,71.2,5.4,73.6
5.2,56.7,39.8,42.5,6.8,51.6
3.8,86.6,63.1,72.2,8.4,72.5
4.8,75.2,67.4,60.5,7.1,67.0
1.3,86.5,68.2,57.0,8.1,61.4
6.0,87.3,70.7,52.8,6.3,71.5
5.5,97.3,77.2,75.9,6.0,83.0
3.7,94.2,67.5,67.7,8.0,67.2
7.0,94.2,62.5,57.8,7.4,77.8
7.6,95.3,61.9,71.1,5.6,78.5
2.0,81.5,58.8,54.3,6.0,53.1
3.8,78.4,79.8,67.4,8.9,72.4
3.8,88.5,58.3,59.1,5.9,65.0
3.4,86.8,80.7,68.3,8.1,74.4
7.3,74.3,68.3,63.0,6.4,70.6
5.1,82.9,60.2,68.0,7.0,66.0
4.9,77.6,77.3,57.8,7.4,75.7
1.1,67.8,57.1,57.3,4.5,40.4
6.9,93.5,77.6,72.4,5.2,80.6
2.8,78.7,71.2,65.1,7.1,70.4
5.6,100.0,59.1,69.5,6.1,70.6
6.1,58.5,75.9,61.8,8.2,73.9
8.5,71.3,76.2,68.6,5.1,85.1
2.6,78.4,85.4,77.3,7.7,79.5
0.5,91.6,82.5,69.2,5.3,64.8
5.9,82.8,75.4,69.6,6.6,76.5
9.5,81.7,51.1,51.5,5.7,73.2
8.2,64.5,100.0,75.1,9.3,99.5
6.0,64.1,46.9,44.2,5.4,52.0
4.4,81.9,82.2,74.5,6.9,77.6
7.3,61.6,74.5,62.0,4.9,73.7
3.4,71.6,50.4,53.8,8.9,60.9
6.5,84.0,66.1,62.2,7.5,78.3
6.6,66.2,66.8,45.5,7.2,69.2
7.8,97.3,87.6,77.8,8.8,90.2
11.6,92.7,57.3,60.2,7.2,82.2
6.4,59.1,64.1,57.0,7.3,64.8
4.4,66.8,33.0,35.1,7.2,48.0
5.4,50.6,94.0,59.8,7.7,75.9
1.6,68.6,51.9,55.7,6.4,53.8
4.0,87.2,72.9,64.7,6.7,68.1
4.6,73.0,66.5,61.2,8.0,64.6
4.3,83.5,66.5,60.2,7.3,69.3
5.8,59.7,80.1,63.9,6.9,80.4
3.7,87.6,93.1,74.5,5.3,79.8
8.0,71.3,71.8,54.6,8.8,65.4
5.5,78.1,77.8,71.1,6.2,69.2
5.5,76.9,72.9,59.5,8.2,74.1
4.8,62.7,83.3,67.8,7.2,67.5
5.8,64.2,61.1,57.9,5.4,58.2
7.3,89.6,84.1,69.0,8.5,88.1
3.6,82.8,84.7,62.7,7.3,63.5
4.1,90.6,84.2,93.4,8.6,84.4
4.8,81.9,58.1,53.2,6.8,56.6
2.5,79.7,65.5,65.9,7.8,56.4
3.7,57.3,71.6,74.2,4.9,60.3
4.5,74.8,47.4,56.1,6.4,50.0
7.4,77.7,91.9,72.6,5.5,89.7
6.1,100.0,67.8,66.8,6.6,82.1
5.9,86.2,72.3,59.7,7.6,73.2
7.4,96.4,59.3,68.8,6.3,72.8
5.2,85.2,48.1,57.3,8.0,59.1
6.4,69.5,58.9,50.7,6.0,57.5
5.3,79.4,71.3,55.7,8.1,65.1
6.1,80.8,78.1,57.6,8.6,70.1
4.2,66.7,70.4,68.3,8.2,62.3
0.5,73.4,73.2,64.6,6.6,66.2
5.2,75.5,62.9,60.2,4.4,60.2
8.6,97.3,75.4,64.2,7.7,73.5
7.5,53.0,90.2,56.2,6.8,76.6
7.6,92.5,78.6,79.1,5.8,79.4
8.2,66.8,80.1,66.1,6.3,81.2
5.7,61.5,72.4,67.5,8.7,72.2
5.9,92.2,45.5,50.0,5.6,59.0
4.1,86.8,52.3,53.6,7.6,58.9
4.8,93.1,74.8,75.1,7.3,76.4
6.9,87.6,67.8,70.0,6.6,70.6
8.1,100.0,74.6,77.4,7.8,88.7
5.2,84.7,93.1,75.0,9.0,92.5
4.5,76.1,78.9,72.3,6.6,82.6
5.5,82.1,86.9,82.2,6.7,83.6
6.8,92.9,69.4,65.6,7.7,78.1
2.3,68.6,55.9,48.8,8.1,54.1
0.5,70.2,67.1,70.2,6.8,63.6
4.3,74.3,55.9,49.1,6.6,54.6
2.8,52.7,91.4,73.5,4.3,72.5
4.4,79.7,79.9,68.4,6.1,70.2
5.2,55.4,75.8,45.8,5.6,64.5
4.5,78.6,86.5,81.3,7.8,86.4
8.7,88.4,37.7,30.0,6.7,51.8
6.2,72.3,76.8,49.4,6.7,69.1
6.2,98.1,48.3,60.3,7.0,70.3
6.9,60.5,67.9,61.7,6.0,71.8
3.0,92.3,63.3,57.8,8.9,69.7
7.8,86.1,77.9,70.6,8.6,90.0
5.3,57.4,71.4,38.4,8.9,61.5
7.0,100.0,88.2,84.2,7.8,100.0
3.1,77.2,59.0,58.7,7.0,59.1
2.1,67.5,78.6,64.7,8.9,53.0
7.3,61.1,70.4,59.2,6.2,69.7
6.3,75.4,43.5,51.7,6.0,54.2
3.5,76.5,54.2,53.7,6.3,58.7
3.6,79.2,65.8,46.0,7.6,58.9
8.0,74.4,84.7,87.8,6.1,94.3
2.9,85.6,75.0,77.3,6.8,74.3
9.1,73.3,50.5,40.8,5.1,58.4
3.5,54.8,65.9,52.2,7.6,56.7
6.9,76.2,98.3,76.2,5.2,86.1
4.8,49.6,69.7,64.4,5.9,63.7
6.8,82.2,63.1,43.0,8.5,65.1
4.3,66.2,75.4,59.0,8.4,69.1
5.1,80.0,79.5,54.6,7.4,72.2
5.6,93.8,61.2,59.8,7.3,69.3
3.3,66.6,75.5,59.4,6.4,73.6
7.1,90.7,63.1,63.0,6.1,72.1
4.4,72.8,78.8,61.7,6.6,62.1
5.0,99.0,70.5,62.5,5.2,77.0
3.3,73.6,75.2,69.7,7.3,73.7
0.5,67.9,56.6,56.7,7.1,39.4
5.1,86.2,55.7,61.6,5.9,60.4
10.8,72.8,82.2,67.0,8.9,94.7
7.2,67.9,66.8,54.1,7.7,72.9
5.5,72.3,72.3,61.9,7.8,71.7
4.9,77.5,63.4,63.3,6.4,66.0
5.5,94.1,81.5,55.9,7.0,74.0
6.7,54.8,58.9,54.2,7.8,52.2
2.9,78.3,66.0,63.3,7.2,72.1
8.0,85.5,79.8,70.8,8.9,83.4
7.1,80.3,85.6,71.0,6.8,86.0
7.1,93.7,60.1,41.0,6.4,67.0
6.5,77.1,97.4,74.3,7.8,94.5
5.5,75.8,72.7,78.3,5.5,74.9
7.0,85.1,52.4,55.2,8.1,68.0
6.8,79.2,73.5,62.8,5.4,63.0
4.7,73.3,62.3,57.7,7.8,60.3
4.2,84.2,74.5,69.9,6.2,75.5
5.7,70.2,67.4,64.9,7.6,73.0
8.9,70.7,69.1,58.8,8.1,74.0
2.8,71.7,54.3,56.2,7.2,46.8
2.3,94.2,82.9,87.6,5.6,77.7
5.9,40.0,50.7,50.9,5.9,38.2
5.6,82.7,51.4,72.7,6.1,59.9
5.9,78.4,73.5,59.8,4.7,78.9
6.0,57.8,92.0,83.5,8.4,92.1
5.0,81.7,62.7,53.6,7.1,67.1
8.8,83.7,78.5,71.9,5.6,87.3
2.0,85.1,84.1,78.4,8.7,67.1
3.7,46.2,80.2,56.6,6.2,59.4
5.3,94.4,63.3,64.1,7.3,70.0
1.9,69.1,51.6,57.9,6.0,45.8
5.1,86.2,34.9,40.1,4.6,45.3
9.2,86.9,64.1,75.3,5.4,87.1
5.5,67.5,85.7,57.9,6.5,72.5
6.0,85.9,51.1,70.1,8.1,66.4
2.7,73.4,78.5,74.5,7.4,73.7
4.1,53.1,53.7,47.1,7.2,44.6
4.7,92.0,69.6,63.1,4.6,65.6
4.8,68.7,78.6,61.3,8.5,69.5
8.3,67.7,58.1,52.8,7.3,68.8
6.7,73.2,70.6,61.7,6.9,71.7
3.1,81.3,61.8,69.4,8.4,63.3
6.0,77.3,78.6,83.3,8.5,80.1
6.6,84.6,71.5,67.1,8.4,73.8
8.0,61.9,68.8,51.5,6.7,73.5
9.0,69.1,91.4,68.2,5.8,87.4
3.3,76.6,77.9,65.5,8.2,73.7
3.7,100.0,57.6,53.4,5.4,56.0
2.7,76.6,66.7,51.4,9.3,58.5
5.0,91.0,66.9,81.3,7.0,74.6
6.5,78.5,69.2,65.1,5.7,72.2
7.7,72.2,100.0,71.4,5.5,94.2
5.3,75.0,73.6,70.8,5.5,70.4
4.8,76.0,37.5,35.2,7.2,50.0
5.8,85.2,59.9,50.5,7.0,67.2
3.7,94.5,39.0,43.7,5.5,48.2
10.1,82.3,63.1,73.5,6.6,78.7
2.0,92.2,38.2,47.0,5.4,47.5
5.9,66.4,54.9,32.3,7.7,51.6
10.0,73.0,45.2,57.8,6.9,68.6
5.5,69.3,73.8,60.5,6.5,70.0
5.1,81.8,68.0,48.1,5.5,63.9
4.7,73.7,72.5,60.8,6.6,66.8
5.1,86.8,66.4,67.4,6.5,67.1
8.5,66.8,47.1,50.8,7.4,55.9
0.6,78.5,75.7,80.6,7.2,72.3
8.9,86.2,96.8,73.0,8.0,95.9
2.4,53.2,74.1,59.4,6.4,58.1
4.9,100.0,61.6,58.3,4.8,66.1
4.6,74.6,46.6,36.9,8.2,56.6
6.8,53.7,54.4,55.4,5.9,68.0
2.0,79.9,74.8,69.8,5.7,66.0
6.5,78.4,84.1,73.1,6.9,82.4
10.0,77.0,71.9,67.2,7.4,80.1
2.5,89.9,80.0,66.0,6.4,64.3
5.9,87.0,78.6,61.9,6.4,69.4
4.0,81.6,75.6,67.3,6.5,67.8
6.4,83.4,58.1,67.1,8.7,62.3
5.5,76.7,70.6,75.9,7.0,79.4
4.1,99.3,55.3,66.6,5.8,66.4
6.6,60.2,68.3,57.8,5.9,66.2
9.5,79.7,73.0,67.2,6.7,89.2
5.1,78.8,93.2,76.1,7.3,80.3
7.1,87.8,48.4,45.4,7.6,59.5
2.7,67.9,75.2,63.5,7.1,56.0
3.4,57.1,90.2,58.2,6.0,72.6
6.5,79.9,79.4,67.7,6.5,75.8
8.8,81.4,80.5,82.7,7.9,91.4
6.3,95.9,76.8,77.8,5.6,87.0
4.8,62.8,87.5,61.4,6.4,80.0
5.5,91.9,51.7,55.8,7.7,64.0
2.7,100.0,47.2,49.3,8.1,56.8
6.8,73.5,67.9,60.2,6.8,67.8
7.4,62.5,35.6,48.5,6.5,60.0
4.5,73.1,86.5,76.1,5.4,76.5
4.5,78.2,86.3,91.9,7.6,84.7
6.1,84.8,61.5,69.6,8.6,71.5
4.5,70.9,62.4,58.7,10.0,70.9
5.4,96.7,66.9,71.4,7.5,76.7
10.1,64.6,68.8,57.4,6.9,81.9
5.0,57.1,69.9,48.7,5.9,62.6
4.7,91.3,76.4,80.3,4.7,75.9
4.1,50.7,65.4,61.7,7.2,64.0
7.1,75.6,82.1,67.1,9.8,86.1
5.1,100.0,74.7,73.3,8.5,76.6
4.1,77.9,58.9,66.8,8.3,60.1
8.4,64.6,88.0,76.3,7.3,89.0
8.6,77.3,47.6,38.8,7.4,66.9
4.2,77.4,66.6,62.9,4.1,70.6
1.4,79.9,82.5,69.0,7.9,61.4
7.7,85.9,57.2,66.8,6.3,72.8
4.0,65.5,72.6,69.6,6.2,69.2
7.2,98.3,76.2,82.0,6.6,88.4
1.2,80.9,55.1,46.6,6.6,53.5
7.5,86.7,66.9,57.2,6.1,77.3
2.8,70.5,65.7,67.7,7.0,57.4
7.1,93.4,59.7,56.5,6.3,66.7
5.5,74.9,100.0,66.6,7.1,87.4
3.4,81.3,56.6,60.7,5.2,62.1
4.6,66.8,83.1,63.0,6.7,73.3
7.0,66.0,62.1,70.0,5.7,62.3
5.7,86.3,51.7,57.4,6.2,57.7
6.8,72.7,69.5,62.7,7.2,76.6
9.8,67.8,77.7,61.7,5.1,80.3
2.1,70.3,81.8,80.3,6.0,70.4
9.1,86.4,91.4,79.7,7.7,100.0
5.7,70.5,100.0,74.4,5.3,80.4
3.5,76.6,71.8,57.3,9.1,65.4
2.6,78.2,58.1,55.9,8.4,55.3
5.1,55.0,74.8,52.1,6.4,66.2
7.5,60.3,64.0,63.5,6.1,72.7
5.2,82.0,81.9,56.1,7.2,68.8
8.8,69.2,48.5,47.9,5.3,62.3
2.3,90.7,100.0,87.6,4.6,87.5
5.5,89.6,80.8,74.6,6.4,72.7
2.7,86.6,42.7,44.4,6.8,47.4
6.3,99.8,57.4,66.8,7.1,67.2
7.5,77.0,80.2,61.3,6.3,77.1
4.6,85.8,85.6,73.4,8.5,70.8
0.5,71.0,48.9,54.9,5.2,49.2
5.9,100.0,78.7,77.0,5.6,81.4
6.5,100.0,38.8,45.9,7.6,56.0
6.4,78.1,66.7,70.8,5.6,74.1
8.2,82.6,84.7,72.9,5.6,82.6
3.1,94.3,59.7,67.4,7.1,59.4
7.0,76.2,45.4,61.3,5.7,68.1
8.1,70.1,70.2,70.1,6.8,86.2
1.6,88.5,58.9,68.5,6.2,55.8
6.2,78.9,77.4,68.8,6.0,82.1
4.4,80.2,54.7,61.5,4.5,60.2
5.3,68.0,56.4,54.7,7.2,54.0
6.3,57.4,37.7,30.4,5.5,39.9
4.4,80.8,70.5,66.4,6.8,76.8
4.0,88.9,65.6,65.4,6.4,61.0
5.6,75.3,50.2,56.1,6.8,69.8
3.1,95.2,70.9,66.8,6.8,67.1
3.1,69.6,83.4,62.2,7.2,76.9
7.0,65.3,64.8,62.2,6.1,67.6
3.0,77.2,72.0,53.4,8.5,68.2
7.0,77.0,72.1,75.6,4.8,83.2
6.5,87.2,49.9,52.4,6.7,69.3
1.7,68.7,98.8,78.5,8.0,75.6
4.0,94.4,60.9,66.6,7.6,63.9
8.1,100.0,77.8,77.5,5.8,88.2
3.3,77.5,79.5,56.8,6.0,61.6
4.5,93.0,65.9,71.1,5.8,71.6
6.5,65.3,77.1,66.2,7.7,72.5
7.2,90.9,71.7,62.1,6.1,82.8
4.9,90.6,46.7,47.3,7.3,54.8
4.2,88.4,63.0,59.1,7.3,58.1
8.6,77.8,58.8,46.4,9.8,78.8
9.3,42.5,61.1,63.0,7.4,71.0
7.7,70.3,48.4,61.1,6.0,63.7
5.7,70.5,84.9,72.9,5.2,83.0
3.7,66.3,92.0,70.4,6.7,80.3
3.7,79.5,82.7,68.8,6.9,70.9
6.6,73.0,87.1,77.2,4.3,80.1
6.4,68.1,62.8,70.6,6.1,64.1
8.6,65.3,58.5,48.9,7.4,61.5
6.9,69.4,56.3,44.4,6.4,63.9
2.2,91.5,77.7,83.0,8.2,77.0
7.8,70.1,71.4,47.5,5.1,74.0
3.3,71.8,66.8,51.6,7.8,66.5
4.7,72.5,87.4,69.2,8.1,82.6
6.1,82.1,74.1,53.8,8.1,78.3
9.9,83.5,55.4,65.2,5.1,66.1
12.0,41.5,57.8,54.0,7.4,71.8
6.8,90.3,78.2,66.0,6.2,85.3
5.1,95.2,83.6,85.0,5.3,78.7
6.7,65.4,76.3,74.9,6.5,77.8
7.5,66.3,96.5,73.7,5.9,90.7
4.8,72.6,92.5,70.4,8.1,84.1
9.4,68.9,74.6,81.3,7.6,88.6
6.0,80.7,55.4,61.4,5.6,67.0
6.6,54.6,48.4,47.3,6.1,55.1
7.0,64.6,62.2,66.3,6.5,62.5
6.4,96.5,79.3,75.2,6.9,87.0
7.3,66.9,95.4,70.2,8.2,90.2
4.1,92.9,74.3,69.7,7.8,68.6
4.3,82.3,85.5,80.9,7.1,87.2
3.1,56.3,64.3,38.5,6.7,53.9
6.5,85.6,77.3,66.6,4.9,71.5
7.2,76.6,80.4,79.4,8.6,82.4
6.5,72.5,38.3,40.1,6.5,48.8
9.2,80.9,61.8,71.6,8.9,79.0
5.5,83.7,82.2,82.5,7.2,84.6
7.0,86.5,72.1,65.8,9.4,76.6
3.1,92.1,50.1,51.0,7.7,61.1
4.6,82.9,31.5,40.8,5.3,48.9
7.0,61.5,62.5,76.1,6.3,73.6
7.4,72.3,66.9,74.9,6.8,76.5
4.9,100.0,54.7,61.1,6.0,69.5
5.3,86.7,70.1,60.4,6.5,70.1
2.2,100.0,75.6,72.5,5.4,67.3
4.7,94.7,78.1,73.6,7.0,84.4
7.5,80.9,32.7,33.3,7.3,53.4
6.8,81.6,48.3,52.6,5.8,58.1
6.6,77.6,63.4,69.8,9.3,73.0
5.6,57.1,76.6,47.0,7.1,63.3
5.5,78.2,75.3,72.6,6.0,84.3
4.0,92.5,75.1,80.4,5.0,75.1
7.0,70.8,62.2,52.4,7.1,68.1
6.4,82.9,63.1,74.0,6.7,77.0
6.6,88.2,57.1,52.9,7.9,62.9
4.3,67.1,79.5,69.0,6.8,76.7
0.8,72.6,54.2,50.5,5.6,43.1
7.9,65.8,80.8,63.4,9.0,90.6
4.4,68.1,71.1,56.2,7.5,64.3
3.6,62.5,67.3,63.2,6.7,66.3
7.0,67.2,58.1,60.5,7.2,55.6
4.6,95.0,47.7,54.5,7.6,54.8
7.8,67.0,58.3,42.9,5.3,61.4
6.9,79.5,63.0,62.8,7.2,62.8
7.0,72.0,32.5,44.3,6.5,53.5
2.5,92.1,65.0,62.0,7.6,65.6
8.2,93.7,81.9,88.4,6.1,88.1
6.1,88.4,76.5,56.7,6.3,75.7
4.7,81.7,60.6,41.0,9.0,65.5
5.8,75.2,68.7,55.7,8.5,61.1
1.6,63.7,59.7,59.4,4.0,43.7
6.4,100.0,70.2,60.2,8.4,77.3
3.2,68.9,91.1,64.5,6.9,74.0
2.5,86.0,82.5,79.5,6.2,74.1
2.2,90.7,75.8,73.1,5.8,73.3
7.9,71.3,60.6,59.2,5.9,71.7
4.1,90.5,79.2,77.4,6.2,80.5
8.9,87.2,42.7,46.9,5.6,57.1
4.3,98.7,64.2,62.0,5.4,68.3
1.7,72.4,76.8,71.8,5.8,63.1
3.0,62.6,79.1,53.4,7.4,70.6
8.2,71.9,78.0,48.7,7.1,78.2
5.2,80.5,72.4,61.5,7.7,69.4
4.3,78.7,65.1,67.9,6.9,70.9
5.9,73.3,76.1,67.2,5.4,76.3
6.6,55.1,53.7,55.2,7.6,56.7
8.0,83.6,55.3,40.2,5.8,63.3
8.7,100.0,68.9,70.4,7.8,84.6
4.7,83.6,70.6,70.0,5.6,76.5
2.6,85.3,40.6,37.8,6.2,44.9
4.6,84.9,74.8,74.3,6.6,78.3
6.1,82.8,79.6,68.6,7.8,78.4
3.4,89.2,66.8,88.6,7.2,74.6
3.4,82.7,100.0,63.3,7.0,87.1
6.3,74.2,57.8,66.3,9.3,68.2
5.4,68.4,62.6,53.4,4.8,61.4
5.6,75.0,62.1,45.0,5.8,55.3
3.8,81.8,66.9,58.0,5.7,60.1
5.0,74.2,63.1,60.5,4.9,61.6
3.5,81.8,46.9,59.5,6.1,49.2
7.5,83.3,59.8,72.5,7.8,81.7
7.8,88.0,66.5,75.0,6.3,76.1
1.4,93.4,86.4,68.1,6.6,76.0
3.5,78.9,100.0,88.8,4.9,85.8
2.2,62.3,88.0,72.1,6.0,69.6
4.1,73.9,56.4,49.3,6.4,62.9
5.3,78.5,57.6,54.6,7.8,53.4
2.3,56.0,65.6,49.4,5.0,50.1
3.5,94.7,94.8,81.1,6.5,80.5
3.3,79.7,65.5,55.1,8.3,54.2
6.0,82.6,48.1,43.9,6.5,52.3
5.7,94.4,60.5,65.7,4.5,68.7
3.9,70.4,79.4,71.3,8.5,70.4
5.9,84.9,78.3,67.8,7.9,83.8
4.3,76.7,65.0,70.9,8.0,67.5
4.9,75.8,78.3,64.9,4.9,70.1
9.2,68.7,33.9,38.4,8.8,55.9
8.4,98.0,69.6,73.1,6.1,83.8
2.6,73.5,80.9,66.8,6.4,66.5
7.3,86.4,55.5,57.8,6.2,64.7
7.3,55.5,55.5,30.0,8.1,61.8
3.0,92.2,40.0,50.2,6.8,47.0
7.3,90.6,91.8,63.5,7.6,87.9
8.9,79.2,57.2,46.5,7.1,72.1
3.0,75.3,71.6,52.5,6.9,63.7
3.5,82.8,77.1,59.8,5.9,64.5
7.7,100.0,90.7,75.5,9.2,100.0
6.1,56.8,65.7,51.4,5.2,64.2
6.7,87.4,59.9,65.1,7.5,73.2
6.2,67.1,70.6,62.4,7.5,69.6
6.4,77.8,87.3,57.3,8.4,80.0
2.6,75.0,65.4,60.4,8.7,61.0
7.8,72.9,53.7,55.3,6.8,60.7
8.1,77.9,44.9,46.5,7.6,62.2
5.0,64.4,49.7,47.9,9.1,59.8
5.4,90.4,81.0,73.7,6.9,85.3
2.1,56.5,63.2,60.0,5.7,51.1
6.6,84.5,58.9,45.9,6.5,70.1
6.8,74.1,57.3,53.1,5.4,72.3
5.4,63.9,69.3,71.2,7.4,68.9
8.0,80.4,64.4,71.9,8.3,82.2
4.8,59.3,63.9,61.8,6.9,52.2
6.7,78.5,88.2,77.4,5.1,79.2
3.3,60.9,91.1,83.6,8.2,79.0
5.4,83.5,43.8,65.3,4.9,53.5
5.1,66.9,72.9,60.8,5.1,76.1
6.0,72.6,56.3,46.4,6.8,63.2
4.7,81.5,64.3,58.6,7.3,70.7
5.2,68.7,72.6,86.9,7.5,76.2
7.3,77.3,64.8,47.4,6.9,64.8
4.5,59.8,71.5,55.5,9.1,63.6
2.0,85.6,78.1,58.1,7.1,67.6
9.3,99.2,72.4,70.6,8.2,86.8
8.5,100.0,58.3,52.4,7.9,79.1
2.7,79.1,58.6,56.1,5.4,58.6
7.0,87.5,46.4,36.8,6.8,59.0
4.4,56.6,55.2,54.5,9.5,49.2
6.1,96.0,97.4,92.3,6.4,100.0
6.1,87.3,56.1,54.6,6.2,64.1
5.0,72.2,50.1,49.5,7.2,68.3
3.8,92.8,72.8,66.9,6.4,74.4
4.0,74.9,66.3,61.6,6.0,62.7
3.5,72.5,65.1,58.6,6.4,62.9
3.7,83.7,89.1,81.1,8.7,74.0
5.4,65.2,76.2,73.1,6.8,78.3
3.9,90.3,60.1,54.1,5.4,72.5
7.0,65.3,61.6,52.7,5.2,54.8
8.8,65.4,60.5,61.8,9.6,73.8
4.2,67.1,81.1,55.0,6.7,68.2
6.0,87.1,63.4,45.9,7.5,71.4
6.6,70.6,41.1,47.1,6.1,63.4
6.5,61.8,67.3,61.4,7.4,71.0
5.7,70.7,44.9,41.6,8.8,64.4
7.1,77.6,100.0,74.8,6.2,92.6
6.6,63.8,53.5,44.3,7.6,61.3
2.8,64.2,65.6,50.2,5.3,55.9
7.4,100.0,71.9,75.1,9.4,92.4
7.5,67.7,63.7,47.5,7.3,65.9
3.8,74.1,63.6,56.4,6.5,64.5
5.6,73.6,74.3,57.0,6.6,65.3
7.0,72.9,90.9,61.6,6.4,81.9
5.0,85.5,79.5,77.1,6.4,76.1
7.9,89.4,90.2,72.8,4.1,89.4
10.7,74.3,52.3,53.8,6.9,71.7
3.8,63.2,72.8,48.8,6.8,66.6
2.5,93.3,70.3,61.1,7.6,62.8
6.2,76.9,73.3,70.6,6.4,67.9
7.1,98.8,88.6,99.1,6.1,90.5
5.0,51.1,64.7,37.6,7.0,60.1
8.7,80.3,61.9,57.5,5.1,68.5
2.6,100.0,76.0,75.1,7.2,76.0
7.0,73.8,41.3,41.2,4.8,51.6
4.2,75.3,64.4,66.0,8.3,70.4
9.3,81.5,66.0,54.7,7.8,77.6
9.9,71.3,54.2,53.9,5.9,82.8
3.8,74.3,83.9,65.5,7.8,82.7
4.3,73.9,52.1,61.9,7.1,57.1
7.4,70.5,66.0,53.5,5.8,67.2
4.6,92.7,72.4,65.2,4.6,85.2
5.4,83.5,88.3,82.0,7.4,81.2
5.6,81.0,67.8,54.3,6.0,67.6
1.3,87.7,82.0,72.6,8.3,71.8
5.5,74.8,78.5,52.3,7.0,72.0
4.0,68.7,69.9,51.9,6.2,54.0
4.4,70.8,51.7,54.2,9.2,60.4
8.7,78.0,46.5,42.1,7.7,59.4
2.7,65.3,69.6,55.2,4.0,62.7
7.3,72.0,59.9,59.9,6.4,62.0
4.9,71.8,81.8,63.3,5.3,72.8
4.9,100.0,79.2,80.1,6.0,71.8
7.2,44.7,65.2,53.8,6.8,54.5
6.2,75.8,50.6,55.3,7.4,58.0
6.8,98.7,75.7,81.2,7.3,83.2
7.6,79.5,52.7,56.4,8.3,75.0
4.8,87.0,56.6,70.2,7.8,67.2
4.2,79.2,53.3,61.4,7.7,66.2
3.1,70.0,65.9,54.6,7.2,57.8
3.7,51.1,85.6,75.2,8.5,76.0
12.0,80.5,67.9,64.6,6.6,84.4
8.2,68.7,61.4,52.8,6.7,65.9
2.5,68.4,45.1,49.1,4.7,35.6
2.6,72.0,76.3,73.9,8.3,71.1
6.6,98.9,56.3,64.3,6.9,73.1
6.7,100.0,69.8,83.0,10.0,90.2
6.7,80.6,62.7,68.3,6.5,73.2
4.9,72.4,80.6,71.6,7.1,85.0
5.2,63.9,65.6,48.8,7.7,63.5
6.2,83.6,67.1,61.4,5.7,75.6
5.7,99.4,75.3,71.8,7.4,79.7
0.6,75.0,99.6,84.1,7.0,73.3
5.0,49.5,81.3,67.2,6.6,73.6
3.6,86.0,66.7,64.5,8.4,67.7
5.9,89.8,68.0,65.8,5.9,77.0
12.0,59.0,60.1,58.6,7.3,80.4
6.3,80.1,53.8,47.7,8.7,60.3
4.8,83.4,59.7,72.2,6.2,71.9
7.5,77.1,56.4,38.9,6.6,59.4
6.6,68.5,77.8,76.6,9.8,85.0
6.4,90.2,51.9,55.7,7.6,71.9
6.8,73.2,88.0,79.7,6.4,84.2
10.0,60.2,79.3,66.6,8.0,91.0
3.0,53.4,68.3,58.7,6.3,59.0
6.5,93.1,68.0,70.1,5.1,79.6
3.5,85.4,59.6,65.6,8.6,61.0
6.7,79.1,72.1,61.8,5.7,75.0
3.5,72.7,84.3,77.8,9.9,72.1
4.6,71.7,57.5,45.9,6.4,64.5
4.9,65.1,45.0,46.0,9.6,44.4
7.6,72.8,78.5,73.1,5.4,79.1
7.5,52.6,72.9,66.2,8.2,70.6
2.8,69.2,51.2,54.1,7.6,54.9
5.6,74.3,57.0,51.8,8.0,71.4
3.9,85.3,55.1,63.8,8.2,65.7
2.7,77.5,57.1,50.4,6.4,67.3
5.0,87.5,63.1,75.6,5.4,63.9
4.8,94.2,64.0,63.1,6.9,63.9
10.8,90.7,58.2,47.4,7.3,74.3
6.5,83.6,56.6,47.5,6.4,64.6
2.5,78.1,64.6,60.4,7.3,55.9
4.3,66.2,70.5,61.4,7.4,62.6
7.7,86.9,63.3,77.3,5.9,80.8
10.1,98.2,85.4,68.2,7.5,90.9
2.0,82.1,75.6,67.4,6.7,61.4
1.4,100.0,44.1,45.8,6.2,45.7
9.6,59.7,75.9,57.7,7.9,79.3
6.4,64.2,77.1,76.9,6.1,81.4
3.6,88.3,61.5,51.8,6.5,56.9
6.7,81.2,45.6,55.1,7.1,58.2
0.5,93.8,68.1,69.0,8.6,66.2
5.5,77.8,67.9,61.6,7.2,73.7
6.2,67.6,51.2,54.2,7.6,66.8
7.5,75.4,46.2,40.0,6.6,60.5
3.3,59.6,66.7,69.8,6.9,62.5
5.7,64.5,64.5,72.0,6.9,71.2
3.5,89.7,61.7,61.7,7.4,63.3
6.1,88.5,66.7,83.2,6.6,76.7
3.5,82.4,51.5,50.7,8.6,48.6
4.6,57.3,61.5,56.4,6.6,62.7
3.3,73.7,76.0,76.7,5.0,69.9
6.9,63.3,62.8,51.7,10.0,72.2
7.4,92.1,42.9,40.6,6.6,47.3
5.0,71.0,60.9,43.4,8.6,60.7
5.6,65.0,51.9,66.3,8.7,58.9
2.3,78.4,72.0,60.0,8.1,71.1
4.8,70.3,72.8,61.1,6.8,71.3
5.4,95.8,43.1,43.8,7.3,58.2
11.3,69.2,79.4,73.6,5.5,88.3
3.1,61.2,51.3,42.3,9.4,51.7
8.7,52.2,91.4,64.4,6.0,79.9
7.7,77.6,67.3,63.8,6.7,75.0
6.1,71.3,49.3,41.4,7.1,53.6
9.4,60.9,50.9,46.8,6.9,74.9
6.3,92.3,73.2,79.6,6.2,87.7
6.4,86.0,62.1,64.1,8.7,78.2
5.4,77.7,66.6,62.1,8.1,63.5
8.2,94.4,92.2,81.0,7.4,100.0
7.9,86.0,57.5,55.0,6.5,71.4
4.1,68.1,68.9,75.9,8.3,75.1
2.6,65.5,89.3,64.0,6.4,71.6
5.1,87.8,72.1,68.3,8.9,76.4
3.7,82.8,43.9,50.8,7.1,53.1
5.4,80.0,75.6,74.7,8.5,70.4
8.2,67.8,50.6,58.6,6.9,62.3
4.5,85.3,89.1,75.1,7.1,84.1
5.4,68.9,55.7,55.2,8.5,67.0
5.6,76.8,100.0,81.8,9.6,90.5
7.4,95.4,90.0,60.2,8.9,90.3
0.6,70.1,56.1,40.7,8.1,38.6
4.2,59.1,68.3,52.5,7.7,67.9
6.0,65.4,79.3,60.5,6.4,78.3
8.1,89.9,79.8,61.8,7.4,88.1
4.4,81.1,74.6,72.3,5.9,74.3
1.4,76.5,86.8,71.9,7.5,78.1
6.9,71.9,66.2,57.7,7.5,67.4
4.1,83.8,62.5,50.3,4.6,55.5
2.9,67.8,62.8,56.1,7.0,62.0
4.1,81.7,80.9,48.9,7.5,75.0
5.1,69.2,73.5,61.4,6.9,64.3
4.2,67.2,72.4,62.1,7.4,64.6
0.6,70.4,79.9,68.5,5.4,69.1
7.5,73.5,37.2,31.3,6.1,52.8
8.3,77.4,72.7,66.1,8.2,85.2
6.9,80.8,71.3,56.1,7.0,69.1
3.0,40.0,93.0,59.7,7.4,70.7
5.1,68.3,45.1,52.6,6.3,46.6
5.5,73.3,91.4,89.7,7.0,78.3
6.8,96.1,69.1,67.4,4.2,79.4
7.0,65.0,75.3,56.1,8.0,80.8
3.9,80.0,93.1,77.7,9.2,83.3
5.7,95.9,76.4,78.5,5.7,78.5
6.5,62.2,74.0,66.2,5.9,80.0
8.7,82.7,71.6,87.0,7.5,86.9
7.0,68.4,60.7,49.8,8.8,67.0
7.2,71.9,67.6,62.2,7.0,80.7
5.7,68.4,57.3,66.0,5.5,61.4
8.6,69.2,67.3,71.2,6.7,75.1
6.4,100.0,33.0,32.5,5.8,55.1
3.6,88.1,74.4,67.9,6.2,67.7
8.6,91.2,66.2,76.1,6.6,82.4
7.0,83.9,63.0,83.8,5.9,71.1
4.5,58.7,71.3,64.5,6.1,65.7
4.4,82.7,46.5,48.3,7.1,54.8
6.2,90.9,96.9,72.9,7.3,95.7
6.5,67.8,66.5,76.3,5.3,75.6
5.9,89.6,65.8,69.4,7.5,77.2
6.2,86.5,53.5,49.3,6.5,64.7
9.2,100.0,68.4,66.0,7.9,85.8
7.9,73.0,88.8,74.6,7.9,92.1
5.9,64.8,83.5,71.5,6.3,72.5
7.6,73.7,80.8,60.7,7.7,70.6
3.2,95.2,76.2,65.8,6.0,76.6
6.4,56.1,62.6,40.2,8.6,64.6
9.5,53.2,46.2,52.0,6.0,60.9
5.0,79.1,65.0,57.8,7.4,71.7
3.6,72.7,64.5,62.4,6.8,59.0
4.1,78.1,83.7,81.9,5.8,74.6
3.1,89.3,72.6,69.0,8.1,67.3
3.8,71.4,92.2,72.7,6.3,80.4
4.7,55.5,86.0,67.7,5.0,64.4
2.4,100.0,61.2,64.2,4.0,57.2
5.5,66.0,41.1,54.1,5.9,53.0
7.5,65.3,88.8,72.7,8.7,81.6
3.5,91.2,88.4,72.1,8.5,78.3
8.8,73.4,47.5,57.9,6.1,56.0
6.6,77.2,90.6,84.0,6.6,91.4
7.8,83.8,73.7,55.8,6.4,74.7
4.1,91.0,70.4,78.7,5.4,67.8
7.4,74.0,92.2,77.1,5.9,82.6
3.1,96.2,88.2,79.8,8.2,80.9
7.5,52.4,77.8,68.9,7.6,70.0
5.9,87.1,75.1,63.5,7.3,85.7
6.7,67.9,77.2,72.1,5.4,65.7
2.9,94.5,62.0,59.7,7.1,61.2
3.5,79.7,67.2,50.1,4.2,59.5
6.8,69.9,54.5,44.5,8.0,58.5
3.4,86.0,63.0,65.7,7.3,66.0
6.5,88.7,62.5,54.0,5.4,64.9
2.5,85.7,58.5,71.5,8.9,70.4
7.4,65.6,70.1,69.5,4.8,68.1
2.8,72.2,63.1,68.4,7.6,51.1
6.7,78.0,75.5,67.0,7.7,72.9
6.9,77.5,43.7,50.5,5.5,59.3
4.0,87.0,66.3,53.7,7.0,64.5
6.8,53.8,70.0,64.9,5.0,71.6
6.1,82.0,63.3,63.4,4.0,69.8
4.3,74.5,65.4,64.1,5.7,61.3
3.3,67.9,44.2,59.8,6.3,47.4
1.2,69.1,73.3,57.7,7.8,57.6
6.3,75.4,77.7,65.6,7.1,85.7
2.1,40.0,75.4,59.1,7.1,59.6
5.7,69.6,83.6,60.9,5.8,83.4
4.9,67.5,71.0,59.4,6.4,70.4
7.0,84.4,75.2,71.4,5.9,79.6
4.8,68.3,70.3,58.1,5.5,60.3
4.8,75.4,78.3,77.4,6.3,76.7
7.1,96.5,44.3,41.4,7.1,61.2
6.2,89.9,54.6,66.5,6.3,67.8
6.2,88.8,91.8,83.0,6.6,89.4
6.5,72.0,31.1,35.6,7.8,38.7
2.1,84.5,65.9,55.0,6.4,64.8
7.2,75.2,85.6,54.2,5.4,78.6
6.8,75.6,66.6,54.2,7.7,64.7
3.3,82.9,61.9,68.1,7.3,66.4
5.0,70.8,69.9,60.7,7.4,64.4
5.4,95.9,62.7,72.8,7.8,76.8
5.2,76.1,68.5,56.7,7.5,72.3
6.2,85.4,57.7,63.7,7.0,73.4
8.6,95.5,84.6,69.7,9.9,93.7
7.9,90.4,89.3,69.0,5.5,87.4
2.6,61.1,66.0,55.7,6.3,53.1
6.9,83.3,47.2,46.5,8.2,58.8
8.4,88.2,60.1,47.8,7.2,72.4
6.4,88.7,65.2,61.6,7.9,73.0
7.9,64.6,75.6,63.6,7.2,74.1
9.9,70.1,52.9,61.8,8.6,69.1
7.8,89.9,56.5,66.0,5.8,72.2
6.0,68.9,75.7,73.6,8.6,75.8
7.8,74.4,82.1,74.5,8.4,81.5
5.8,96.9,58.7,64.2,5.5,72.9
5.6,77.4,48.0,40.9,7.8,64.1
4.7,69.3,100.0,78.5,6.9,89.9
8.9,67.5,79.7,70.5,6.3,80.6
3.7,82.0,64.0,72.4,4.7,64.3
8.9,62.0,81.0,70.5,5.8,89.8
6.6,75.0,66.1,70.0,7.8,68.9
2.4,82.0,81.0,61.8,8.0,73.5
6.3,93.6,70.4,64.5,6.7,70.2
0.9,86.0,69.4,68.1,8.0,70.5
6.9,69.4,66.3,68.1,8.1,71.8
7.4,92.1,46.3,52.3,7.2,75.2
4.2,74.4,97.1,76.3,6.1,90.4
5.8,63.2,53.9,55.9,7.5,59.6
9.8,75.9,47.6,41.1,7.6,63.1
4.4,95.3,64.8,77.3,7.8,74.6
3.2,80.0,53.6,47.4,8.0,54.1
8.8,78.2,67.2,46.2,5.4,70.9
9.8,97.6,78.3,72.5,6.4,84.6
5.5,60.8,82.9,79.4,4.7,73.5
7.7,62.6,80.2,69.5,7.9,76.3
8.5,58.6,63.4,60.5,6.7,73.6
3.9,82.5,68.7,63.7,7.5,72.5
4.4,80.0,74.1,64.5,5.2,72.7
8.2,96.5,41.6,39.6,8.7,65.7
9.2,80.9,76.6,49.3,5.6,76.0
6.7,73.2,46.1,50.2,7.9,60.6
3.6,78.0,98.6,89.2,7.1,90.3
9.9,79.4,61.9,61.6,6.8,75.9
4.3,57.9,65.2,60.3,6.7,61.4
4.8,100.0,56.5,73.7,6.2,68.6
6.3,84.2,58.6,60.9,8.6,77.7
8.9,80.5,100.0,79.1,7.0,100.0
7.4,85.4,82.1,65.0,5.5,85.2
6.4,86.5,44.8,67.4,6.5,56.1
6.5,76.3,90.6,78.1,7.2,88.2
5.6,70.4,85.9,62.3,8.1,77.8
6.7,85.2,63.8,52.0,6.3,68.6
0.5,82.6,72.6,75.6,6.4,55.9
4.8,68.3,67.8,51.1,7.0,58.6
6.0,95.0,97.6,97.3,8.0,98.5
3.0,81.5,56.1,34.2,5.4,55.0
6.3,86.8,70.2,76.7,7.6,76.6
5.1,94.7,61.6,66.5,6.4,68.0
9.4,78.3,46.5,51.1,6.6,74.8
9.0,81.8,100.0,79.0,9.4,100.0
4.5,87.7,50.3,69.7,6.8,62.0
5.2,69.3,71.3,67.2,7.9,70.8
5.3,78.6,41.9,40.5,7.9,46.6
4.5,79.5,62.0,45.2,5.6,61.8
5.9,66.5,74.3,63.9,4.8,67.1
3.8,100.0,55.6,60.6,8.0,64.6
3.0,61.1,76.8,50.4,5.7,62.2
6.9,62.4,64.0,55.4,5.0,73.7
6.9,93.8,85.4,70.8,8.2,82.7
3.7,86.6,88.4,75.3,5.8,82.9
7.5,65.7,59.2,59.8,6.1,71.0
4.1,85.3,69.2,76.3,9.4,71.5
6.1,95.6,70.8,75.1,5.0,80.4
7.3,77.6,77.3,61.1,5.5,84.8
5.4,100.0,68.2,70.5,6.4,72.4
6.5,57.3,70.9,58.8,6.7,69.9
4.4,86.3,64.3,51.3,5.9,65.1
5.1,92.0,69.7,69.5,5.6,75.5
5.0,88.7,87.5,90.2,8.8,92.6
3.9,75.5,77.7,66.9,7.3,72.3
5.1,74.5,78.5,54.0,7.7,74.4
2.1,83.3,78.8,69.4,6.8,65.0
4.4,87.8,65.7,53.4,7.3,66.9
4.9,85.2,72.8,73.2,8.1,74.0
4.9,90.5,51.7,60.3,5.8,56.0
5.0,65.8,87.0,67.9,7.3,74.9
5.4,75.3,30.0,37.7,7.8,46.9
6.6,66.7,66.7,56.7,8.9,72.6
7.4,73.4,85.1,70.2,9.3,80.9
4.1,90.2,47.5,47.5,7.1,51.3
2.9,79.3,74.0,54.4,8.4,69.2
3.2,100.0,57.8,70.9,4.0,65.1
4.4,80.3,62.5,56.4,8.9,69.5
4.7,78.7,82.2,71.2,6.1,82.5
3.8,79.3,71.0,66.2,6.7,70.5
2.6,70.3,37.5,45.8,7.5,40.9
4.5,77.3,53.4,44.3,6.8,56.2
5.9,91.5,82.6,59.9,7.2,87.9
6.8,79.4,74.7,61.2,8.9,91.1
4.3,68.5,94.2,77.1,6.5,83.0
4.6,66.9,93.2,67.2,5.7,80.0
3.5,72.6,62.9,54.9,9.2,65.0
5.4,78.9,100.0,96.7,7.6,94.7
3.6,92.3,68.4,50.9,9.3,72.9
6.8,61.9,53.6,43.9,8.0,64.3
1.6,74.2,58.5,70.9,5.4,56.8
4.7,79.7,34.1,43.3,7.8,46.7
6.2,56.0,92.1,64.0,5.8,71.5
5.9,68.0,91.9,81.9,7.0,88.8
11.4,69.8,52.8,51.9,6.9,74.8
6.3,68.4,64.6,54.8,5.1,61.5
3.3,80.3,69.4,64.8,6.0,60.1
5.3,76.1,53.6,48.2,9.6,64.4
1.6,71.3,41.7,37.6,7.3,32.9
5.3,83.1,64.8,60.5,6.8,69.8
3.7,98.7,63.2,56.3,9.2,71.8
7.5,97.7,62.2,63.7,6.5,78.8
4.3,54.9,71.3,60.8,6.9,61.7
5.2,84.9,89.4,82.2,8.2,81.5
4.1,75.9,63.5,67.9,6.5,67.4
9.3,79.9,70.6,60.6,6.1,85.7
4.8,73.2,78.9,70.7,4.3,69.4
9.5,79.4,76.3,70.8,5.9,88.1
7.3,79.8,58.8,59.9,5.9,76.2
6.6,71.1,69.4,57.1,7.2,72.7
6.3,67.2,76.2,55.5,6.3,69.8
6.4,72.6,51.1,55.3,9.6,68.8
1.3,80.8,87.0,59.4,5.7,63.5
4.9,85.2,89.5,73.4,8.7,78.9
7.4,88.2,57.2,38.1,7.3,69.8
5.4,72.1,70.9,51.3,8.0,66.5
2.4,81.4,77.6,61.0,7.9,66.5
5.4,89.6,59.8,69.1,4.3,64.4
9.2,92.0,75.2,74.9,7.0,87.0
8.2,77.3,70.4,58.6,6.7,83.2
5.4,75.3,46.0,55.0,5.6,63.0
7.6,80.3,74.9,73.4,7.6,90.8
4.7,64.2,51.5,48.1,9.1,60.8
1.8,75.7,82.1,58.0,4.0,64.8
3.5,86.9,57.9,56.9,6.4,53.5
8.9,85.7,65.6,61.7,5.5,76.8
4.9,74.8,88.6,62.6,7.1,87.7
5.0,80.6,75.4,69.6,6.6,72.4
4.8,68.1,51.8,52.8,6.3,62.3
9.7,86.4,52.8,59.2,7.8,75.7
9.1,77.1,59.0,59.0,9.0,64.1
10.4,74.7,73.9,70.2,10.0,92.9
5.2,73.7,73.4,62.4,6.1,75.9
6.2,77.2,55.4,56.4,4.8,61.8
2.2,72.6,50.5,47.7,7.7,54.7
8.7,85.9,72.2,61.5,8.9,76.2
2.9,73.3,65.3,69.9,8.0,57.8
6.0,97.1,100.0,67.9,8.9,94.8
3.1,95.6,68.5,73.6,6.7,72.3
4.2,67.3,95.2,69.2,6.3,84.8
3.7,78.8,50.4,46.4,7.1,56.1
4.2,70.2,44.4,49.1,6.6,44.8
4.3,74.1,51.2,39.8,7.8,54.3
4.3,100.0,85.8,70.7,8.2,85.9
7.3,74.3,94.3,68.6,8.3,81.1
3.1,82.3,56.3,54.8,7.6,57.6
6.0,84.5,61.1,53.3,7.3,65.9
8.2,66.0,50.5,62.1,8.0,64.3
4.4,67.7,40.8,58.7,4.6,51.1
3.9,63.5,78.8,48.0,7.3,59.8
5.0,67.4,71.3,65.4,7.1,71.0
8.1,43.8,68.2,60.3,7.3,72.4
5.9,84.5,47.0,56.3,6.9,65.7
4.3,100.0,92.6,75.7,7.5,82.0
6.6,79.8,60.4,56.2,6.3,60.7
3.1,61.0,76.0,56.1,8.4,65.4
7.0,70.3,46.2,44.6,7.6,56.9
6.4,72.5,65.1,49.3,7.2,80.0
4.8,65.8,72.4,60.4,6.2,68.8
3.7,88.3,72.9,55.1,8.0,69.3
3.5,87.7,70.3,64.0,7.2,67.8
6.7,64.1,75.4,52.5,6.1,65.2
8.2,86.7,51.0,56.4,6.9,71.7
4.1,96.3,71.0,62.7,7.8,72.1
6.5,100.0,69.7,70.7,7.7,80.4
0.9,100.0,71.5,78.0,7.6,69.2
4.2,67.2,69.1,72.5,7.1,68.7
5.4,100.0,48.9,36.7,8.2,52.1
3.5,73.7,48.2,43.3,8.5,55.1
3.4,70.9,34.8,39.4,7.9,38.7
4.0,81.9,80.3,73.3,6.3,74.3
6.1,71.0,80.4,53.8,5.7,78.6
5.1,82.8,80.7,62.2,6.3,83.4
0.6,62.2,72.6,61.5,9.3,50.9
0.8,75.1,36.0,44.3,7.3,37.9
4.2,93.4,52.6,60.3,9.6,65.8
6.5,77.3,70.6,66.7,6.9,68.0
0.5,79.7,70.0,66.1,6.7,62.7
4.4,83.7,64.7,63.1,6.9,67.4
4.3,92.0,73.5,68.9,6.9,74.9
8.6,58.1,68.2,62.4,6.1,69.3
4.7,85.0,69.8,46.7,5.6,66.9
6.3,74.8,58.4,68.2,7.6,72.8
5.8,80.0,82.7,52.8,8.3,77.8
0.8,90.7,61.5,52.9,9.9,55.6
7.2,63.7,48.0,45.5,6.5,55.4
6.0,65.8,56.4,57.9,6.6,62.9
6.6,54.8,62.8,30.0,6.1,57.1
12.0,71.4,82.9,68.2,8.4,99.8
0.9,94.0,67.4,71.9,8.0,62.3
9.3,76.6,65.2,68.0,5.9,73.2
4.9,61.9,49.3,42.0,5.9,51.8
6.1,72.2,79.8,64.5,8.1,75.7
5.4,60.1,58.2,47.1,7.5,61.8
4.6,64.5,66.5,54.6,7.9,63.4
4.2,82.7,90.2,67.0,5.9,81.4
6.2,63.9,75.6,55.4,4.7,64.2
2.2,91.4,43.6,55.3,6.0,50.4
7.2,77.1,41.5,48.2,7.8,55.8
4.6,79.0,67.0,65.5,9.5,65.3
3.0,74.7,49.8,52.8,6.5,47.5
4.5,87.3,77.7,75.2,9.7,77.5
8.3,87.4,68.6,71.6,8.0,88.5
4.3,82.0,70.5,50.3,5.3,61.7
6.3,84.8,57.4,50.9,7.3,60.2
3.9,75.5,94.1,73.8,8.0,82.4
7.2,84.5,100.0,80.9,4.1,93.1
7.0,73.9,63.8,53.2,7.8,67.5
9.6,78.0,73.3,72.1,8.4,86.4
5.1,74.7,69.5,77.7,7.5,77.9
7.0,72.5,64.1,59.9,6.9,73.4
5.7,69.7,55.5,53.6,6.8,63.2
8.4,83.6,51.7,61.1,6.7,65.0
3.9,93.7,51.0,41.5,5.6,67.3
7.1,92.1,74.1,69.0,6.2,85.6
5.1,62.9,60.2,61.7,6.5,64.0
5.4,93.5,30.0,39.7,7.1,43.9
5.7,74.2,74.7,54.8,6.3,74.8
6.1,85.2,67.4,61.9,6.0,69.5
5.2,67.1,88.2,69.8,7.9,78.8
6.0,79.7,73.6,58.1,7.4,66.2
9.0,81.8,45.8,67.4,6.4,64.4
7.7,60.2,34.6,35.3,7.6,52.1
7.4,85.3,57.2,48.6,6.5,71.9
4.5,94.2,58.6,60.0,7.1,68.9
3.5,75.9,82.1,76.4,8.2,78.9
7.6,94.3,67.9,66.1,6.3,78.7
7.4,75.7,85.0,74.6,5.6,82.6
8.7,88.2,48.1,46.5,6.8,68.1
4.2,51.4,82.5,75.1,5.4,73.7
5.0,100.0,78.8,77.8,6.7,82.0
1.9,95.9,37.7,58.1,6.7,53.9
4.6,74.6,87.8,74.9,4.0,75.8
7.7,54.3,69.4,63.3,7.6,68.2
4.5,81.5,73.9,59.0,6.8,70.0
6.9,60.7,55.0,46.5,8.4,62.0
5.1,83.3,87.1,84.5,7.3,84.8
6.2,82.9,50.2,65.8,7.9,71.9
3.0,66.7,80.5,56.8,8.4,71.0
5.7,91.5,80.3,74.0,6.8,75.5
0.5,87.7,53.4,52.8,7.0,56.6
5.1,89.7,97.8,75.6,5.1,74.8
1.9,78.1,71.5,66.1,8.5,74.6
8.2,61.0,77.8,72.2,6.8,79.4
7.2,89.7,45.1,55.8,5.8,62.2
6.5,74.8,99.8,76.0,7.9,91.4
8.8,61.3,49.6,51.7,4.4,63.0
3.4,94.2,83.4,71.5,6.5,77.1
9.3,100.0,53.1,62.5,8.1,77.8
7.6,77.5,58.7,67.8,6.5,77.8
5.0,100.0,79.8,57.3,6.1,79.3
8.0,79.1,83.4,77.0,6.5,83.1
3.1,73.4,48.9,37.9,4.6,48.6
3.7,70.4,84.4,78.8,7.9,79.2
4.2,97.6,83.7,70.3,6.9,77.6
4.3,68.6,53.9,42.1,6.7,56.6
3.2,86.8,92.0,82.9,6.7,81.6
8.2,71.3,46.1,51.1,7.0,61.5
4.9,72.5,58.6,47.4,7.8,58.9
6.3,90.4,75.2,58.9,6.9,66.3
4.2,73.4,55.2,52.2,5.4,53.2
1.5,73.1,72.0,53.2,7.7,62.3
6.1,91.6,71.6,58.8,7.6,75.7
1.3,97.2,65.2,66.1,7.2,57.1
5.3,85.7,80.5,63.0,8.3,83.0
2.5,70.1,64.6,61.5,7.0,57.6
9.9,71.9,71.5,74.2,8.3,80.8
7.5,79.0,85.2,70.4,8.7,97.4
5.7,81.9,79.9,70.5,7.7,75.1
8.3,66.1,79.8,81.6,6.1,88.6
3.6,86.7,50.8,45.1,6.8,50.7
6.7,79.0,75.9,76.0,8.5,82.8
5.9,57.4,54.8,58.1,5.2,53.8
6.1,66.9,48.8,55.4,6.5,52.4
8.3,72.0,66.9,70.1,6.6,79.6
7.1,77.1,54.4,56.4,6.0,66.9
6.1,100.0,79.9,69.3,8.0,89.7
1.9,80.9,80.2,78.1,7.5,71.5
3.4,67.9,39.5,52.8,6.1,55.7
5.2,80.6,55.6,64.6,7.7,66.4
5.7,73.8,46.1,49.2,6.8,58.4
3.0,81.9,61.1,53.4,5.9,51.6
10.8,85.0,74.8,68.9,6.1,86.5
8.8,92.5,64.4,71.1,7.5,84.9
6.8,77.7,59.2,65.2,8.1,70.7
5.7,97.7,87.5,74.1,6.4,87.1
5.0,88.9,33.4,48.1,7.7,47.9
3.4,69.5,86.6,59.5,8.9,73.6
5.7,100.0,59.8,70.8,5.5,72.3
6.1,81.9,66.8,55.9,7.4,65.4
2.8,68.0,60.1,61.3,8.0,60.9
6.2,97.8,91.1,70.4,6.9,81.3
5.2,100.0,49.5,65.5,8.5,68.0
1.3,77.6,68.2,64.5,9.6,70.3
3.6,72.0,75.9,58.5,7.4,70.3
4.6,75.9,43.8,53.6,6.7,56.3
9.7,86.6,54.2,51.7,8.2,70.6
6.7,93.3,65.8,70.5,8.0,86.2
2.6,84.8,54.7,54.1,4.0,58.7
6.6,79.2,55.8,41.7,7.0,58.4
2.1,96.0,62.8,55.7,6.5,58.1
7.9,74.2,77.7,62.8,7.5,86.5
4.5,90.4,62.9,73.1,6.8,78.1
5.3,74.5,84.2,77.1,6.9,74.6
8.4,83.2,53.0,67.9,6.0,67.4
2.7,76.6,49.2,64.4,7.9,54.3
2.4,77.3,96.9,73.3,9.0,70.8
4.2,73.5,58.1,53.8,6.0,58.0
7.8,94.1,48.3,51.8,5.3,70.9
2.2,69.2,41.9,40.0,7.0,35.2
0.5,69.1,84.1,53.8,7.0,61.5
4.5,100.0,62.9,64.5,8.4,68.8
6.7,89.7,64.2,52.5,5.5,77.2
8.1,49.4,65.6,53.2,6.4,64.6
4.5,71.2,83.2,85.5,4.4,83.5
4.6,56.3,65.3,50.9,8.6,58.2
8.0,66.6,100.0,78.2,7.3,97.4
1.4,40.3,70.0,60.8,6.4,53.0
4.6,76.4,83.9,72.5,5.4,75.4
5.9,64.3,80.1,67.5,5.5,70.5
6.5,78.7,67.5,58.9,7.5,73.7
4.4,58.5,59.2,50.3,5.7,52.8
5.6,79.0,73.0,57.2,7.1,68.7
0.5,73.0,75.7,71.7,9.5,71.3
4.1,96.0,59.4,47.7,6.6,64.4
6.5,94.9,70.5,75.3,5.8,82.2
3.3,87.4,86.5,63.2,7.5,74.1
5.6,74.1,99.0,85.7,5.5,88.0
6.5,100.0,80.8,71.6,9.1,86.6
4.7,59.4,95.9,62.7,8.7,81.0
5.9,61.2,58.6,57.2,6.8,64.7
3.4,77.0,78.5,74.9,5.9,71.4
5.0,100.0,88.1,75.0,6.5,82.0
6.8,75.6,54.6,59.7,6.6,69.0
5.8,75.8,60.7,39.1,7.5,61.8
4.2,60.7,94.1,61.4,8.2,70.3
6.0,89.4,53.4,67.1,5.8,57.1
7.1,89.4,47.9,51.9,8.2,66.8
1.0,87.5,90.9,62.0,7.7,68.2
8.0,70.4,86.0,64.3,6.4,85.6
4.8,69.5,74.5,56.0,5.7,63.3
6.4,62.5,67.3,56.3,7.1,68.2
8.1,79.0,61.4,55.6,5.7,69.2
2.5,65.0,72.2,62.4,8.2,70.8
3.9,63.9,91.7,70.9,5.7,79.6
4.9,72.9,71.6,73.5,7.7,78.8
3.8,72.1,100.0,81.4,6.9,84.7
9.3,71.5,54.5,56.5,6.3,73.8
3.6,83.6,67.7,72.5,6.9,69.0
4.3,78.9,62.4,55.9,8.3,70.8
5.9,74.5,51.7,42.0,5.6,55.8
2.9,80.2,65.7,70.8,6.5,58.0
4.6,66.1,74.3,63.5,6.1,58.8
6.2,79.3,75.9,67.7,7.0,84.8
4.8,79.8,100.0,74.9,6.2,88.5
5.3,60.0,75.0,56.3,4.9,68.2
4.3,89.9,85.3,81.2,5.7,87.8
2.2,67.4,69.0,67.7,9.0,55.8
6.2,79.1,93.2,82.3,7.3,87.9
9.4,92.0,100.0,89.3,7.3,100.0
5.5,89.1,76.0,73.6,6.7,82.0
6.0,78.4,53.1,54.9,6.9,59.3
7.0,73.7,59.8,54.9,6.5,61.5
2.7,89.4,72.2,76.7,7.6,65.9
9.2,86.1,74.8,64.7,7.1,90.5
5.9,70.6,78.5,68.8,5.6,71.6
9.1,68.5,74.9,56.9,7.3,77.4
3.9,53.1,68.1,50.5,4.0,57.9
9.5,79.8,58.5,55.2,7.5,71.9
7.2,77.0,74.0,58.5,5.3,66.9
6.7,91.6,95.8,87.0,6.9,88.3
6.0,82.3,83.3,60.6,5.6,77.5
5.0,94.0,76.0,71.1,7.0,80.3
8.1,69.6,83.4,69.3,7.7,84.1
5.8,91.7,62.4,47.8,8.8,71.1
1.2,71.7,60.4,52.6,5.2,42.5
3.0,87.3,56.8,60.1,8.2,53.8
5.1,60.5,66.1,59.9,7.2,74.4
6.2,80.8,61.7,57.5,6.5,73.3
5.4,54.2,86.1,71.3,7.9,80.4
8.2,74.8,60.9,56.3,6.7,68.3
1.2,83.3,56.0,56.7,7.9,52.7
5.8,71.7,97.1,78.3,5.8,86.4
1.5,65.4,61.2,62.4,6.2,59.1
7.2,88.2,70.3,60.3,8.1,80.1
5.3,76.8,74.8,61.4,8.8,76.6
6.4,72.1,50.9,45.7,7.0,58.2
3.6,78.5,86.5,69.5,4.0,76.5
8.3,100.0,77.6,84.1,6.8,93.0
7.8,91.8,91.4,82.8,7.0,95.4
6.8,92.0,57.8,50.7,6.7,64.9
5.2,83.2,69.5,59.2,7.4,70.2
6.8,80.0,68.6,65.7,6.4,69.6
3.9,49.2,72.0,49.6,8.0,59.8
7.4,69.9,46.2,42.1,5.6,56.9
9.1,72.2,69.7,72.1,8.5,72.3
7.9,55.5,46.6,39.6,8.9,56.8
3.9,64.1,73.4,69.0,5.9,61.1
6.3,54.2,36.1,48.4,5.9,49.8
2.7,77.5,40.2,40.6,7.5,47.3
6.8,87.8,80.3,64.0,5.6,78.5
6.5,91.3,59.8,58.5,6.4,72.4
1.4,83.0,53.2,46.3,8.3,53.3
2.9,66.4,87.1,70.5,7.9,72.1
4.9,54.8,72.9,57.1,9.4,74.3
4.8,56.9,81.1,66.7,7.2,68.4
2.8,62.8,65.5,67.9,6.3,66.2
6.4,67.3,100.0,83.4,7.1,90.0
6.1,76.1,58.9,60.3,6.8,62.4
5.1,65.8,94.2,57.5,6.8,76.2
3.8,82.1,67.1,66.0,7.0,62.1
7.8,75.2,43.2,61.3,5.9,65.8
9.1,78.1,75.2,41.8,7.3,70.9
4.4,91.7,72.7,73.4,5.3,79.6
4.2,63.8,52.2,48.4,6.1,47.7
6.6,83.0,54.2,48.8,6.9,67.6
4.7,77.8,67.6,68.0,4.3,66.6
5.2,74.0,73.2,77.4,7.9,76.9
7.1,88.6,30.9,50.3,4.5,50.4
1.3,88.5,83.8,70.2,7.8,73.2
8.4,66.6,60.6,47.4,5.4,67.1
5.7,75.8,48.0,51.5,6.5,50.8
4.6,81.4,82.1,77.5,7.6,75.3
5.3,74.7,67.6,57.8,9.6,67.8
5.4,85.0,86.2,71.3,7.1,78.9
1.7,81.4,74.6,89.0,4.6,74.0
8.8,100.0,68.0,76.0,8.1,87.7
5.6,59.6,65.7,65.2,6.7,62.5
6.5,76.5,75.2,53.8,7.1,71.6
7.6,67.1,61.8,50.1,7.7,65.8
3.3,85.2,55.2,57.3,4.3,54.4
6.5,58.6,77.1,54.0,7.0,66.3
4.9,82.2,65.8,74.5,6.5,67.2
7.4,70.4,68.5,71.6,8.5,81.0
0.8,69.2,84.3,64.4,7.9,66.2
5.3,60.6,66.3,70.9,5.0,64.8
4.2,72.4,68.2,60.6,8.5,66.8
6.5,91.0,59.0,80.9,7.5,75.9
6.5,77.7,74.5,66.6,5.1,74.0
3.9,85.5,73.2,71.2,7.1,74.6
3.9,98.0,81.5,85.5,8.2,85.4
5.3,81.2,59.3,68.1,5.5,58.9
3.5,71.3,61.1,60.5,8.7,60.9
7.4,83.6,79.9,68.7,5.2,74.9
4.7,71.5,71.8,66.5,6.1,71.6
0.5,71.9,54.4,46.4,5.9,47.7
4.7,59.8,87.6,69.3,8.7,74.5
3.2,89.1,42.5,41.8,6.4,47.9
1.9,73.4,79.8,53.0,5.6,52.3
2.8,80.2,49.0,52.4,7.5,56.8
5.7,65.6,96.3,84.5,7.8,91.3
8.4,83.2,44.8,57.8,7.8,72.4
6.2,68.9,85.3,68.5,6.7,86.4
4.2,76.3,66.8,74.8,7.3,63.7
6.5,88.5,62.5,56.9,6.2,74.0
4.5,87.5,70.8,50.5,9.0,76.5
4.0,77.7,77.5,49.6,8.4,62.2
3.0,56.8,54.4,39.7,8.3,47.7
1.6,100.0,55.8,67.2,8.0,59.1
4.6,99.0,77.7,67.4,7.6,82.4
5.8,86.7,42.4,53.7,5.5,45.9
5.3,69.0,59.2,68.0,7.8,74.0
4.6,76.6,100.0,70.3,7.1,84.4
3.4,71.5,53.5,56.1,8.5,60.5
6.8,93.2,85.2,79.5,8.0,89.8
2.6,81.2,59.2,51.0,7.7,59.1
7.2,68.6,75.6,74.6,5.0,66.9
3.3,72.4,77.8,63.6,6.9,66.5
3.8,91.5,84.9,71.5,6.3,81.9
2.3,97.2,65.0,81.9,7.3,70.7
4.4,96.3,97.8,87.0,6.5,83.5
7.6,87.1,59.2,66.7,6.7,74.2
6.6,75.0,71.5,73.9,7.6,73.9
7.7,40.0,71.7,49.2,6.5,62.2
6.6,81.6,51.2,63.6,7.1,59.2
3.1,78.0,63.7,55.5,5.2,61.1
4.8,79.7,70.4,59.3,6.0,73.0
3.8,78.6,61.5,56.3,7.8,71.5
8.4,62.1,100.0,70.5,5.5,83.8
2.9,84.7,55.4,63.2,8.5,63.8
7.5,85.6,85.7,75.7,8.2,93.6
7.5,86.2,80.8,67.1,6.7,81.4
9.5,89.4,67.8,70.0,10.0,83.5
4.6,85.2,55.0,54.3,8.5,57.6
7.1,73.1,56.5,51.7,5.9,61.7
10.5,77.1,60.2,57.8,7.9,79.9
4.1,79.1,41.2,51.1,7.1,57.3
2.1,79.3,52.9,57.0,6.1,57.0
1.4,90.0,45.8,49.8,5.7,39.5
7.1,85.7,88.2,81.7,8.2,88.0
1.4,100.0,77.3,70.7,6.3,75.6
4.7,100.0,79.8,68.7,6.9,76.3
6.5,79.0,76.8,55.2,5.9,74.0
5.9,40.0,70.5,61.6,6.1,56.0
6.4,92.8,89.9,77.7,6.8,94.8
6.0,71.5,58.8,56.9,7.5,56.2
8.3,68.4,69.6,68.7,4.0,67.5
3.4,73.2,79.2,63.0,7.0,74.0
4.0,72.6,48.2,38.7,6.1,57.5
3.8,85.3,100.0,81.9,8.7,87.8
7.3,59.3,68.4,59.9,10.0,73.4
7.5,65.1,70.1,57.7,6.6,76.3
6.5,82.1,86.9,85.1,4.9,87.5
8.1,85.5,81.7,51.4,7.1,80.6
2.9,85.7,68.6,73.1,6.8,65.5
9.2,68.6,70.0,67.0,9.4,75.3
8.9,66.3,45.4,50.2,9.0,65.8
7.1,71.9,59.7,30.0,8.0,61.6
9.4,80.9,75.8,77.2,6.3,85.6
1.9,95.8,74.7,61.8,7.8,63.7
4.3,53.4,86.3,61.8,7.3,67.0
3.9,75.4,66.2,58.9,7.3,66.8
7.1,62.0,47.2,49.7,5.1,60.0
3.2,58.2,83.9,70.8,8.3,69.8
7.2,89.6,89.5,83.8,7.1,90.7
8.5,84.5,81.5,77.5,6.9,85.6
7.0,83.4,65.5,63.9,6.3,77.8
6.1,89.1,83.7,76.6,6.0,84.1
3.3,72.2,100.0,69.3,7.4,82.4
3.6,72.8,69.7,55.5,4.9,62.8
8.2,100.0,48.3,63.7,7.9,71.9
7.2,75.0,59.2,63.0,5.7,63.3
5.4,86.8,77.4,75.1,4.5,72.3
4.6,78.1,43.9,44.6,9.2,59.1
1.0,55.8,70.5,65.0,6.0,51.6
3.1,53.5,73.7,49.6,6.1,55.8
9.7,71.1,91.0,81.4,8.4,91.8
2.7,90.7,87.7,73.8,9.2,74.4
5.9,87.5,81.0,84.9,5.2,79.7
7.7,89.0,35.6,34.7,5.9,62.1
2.7,66.2,81.8,80.6,5.9,73.5
5.9,97.4,78.6,69.7,8.1,80.7
7.6,66.4,71.8,58.1,9.0,80.9
5.5,80.6,42.0,49.8,5.7,53.0
11.8,77.9,56.3,49.9,8.7,85.6
1.8,75.9,50.5,51.2,6.1,58.0
7.8,94.1,37.8,43.4,7.4,65.1
5.1,69.5,68.0,54.2,5.5,64.3
7.2,61.8,56.0,55.1,6.9,66.8
6.5,78.2,100.0,72.3,6.9,90.6
3.9,73.2,65.5,53.2,6.6,52.9
6.0,100.0,87.4,67.1,7.5,83.9
1.4,86.1,44.5,47.0,5.8,40.5
6.8,73.1,60.0,66.8,5.9,65.7
6.2,65.3,69.5,52.8,7.5,76.3
6.9,55.4,54.4,42.9,8.6,64.5
7.8,65.7,61.7,56.9,7.0,71.2
6.3,79.4,64.7,57.5,7.6,73.9
5.8,95.1,64.5,82.1,7.9,70.0
3.6,91.5,95.8,79.3,8.0,89.7
3.9,80.7,73.7,68.4,5.9,73.9
8.1,74.1,75.2,72.4,6.1,71.1
8.7,81.2,76.1,74.6,6.2,88.7
5.0,71.8,77.2,67.3,9.3,69.1
5.6,98.6,66.8,65.1,7.6,66.4
3.5,75.7,63.2,74.9,7.6,71.9
8.1,77.0,70.5,62.2,7.4,73.7
7.0,51.4,85.4,61.3,5.4,72.0
9.8,75.7,84.9,65.5,9.3,96.5
3.6,88.0,64.4,48.6,7.6,61.2
4.7,65.2,79.5,71.6,7.9,73.4
6.0,69.0,65.1,39.3,4.9,59.5
6.9,87.5,68.5,64.5,7.9,78.9
5.0,60.3,60.9,51.9,6.6,57.8
3.6,90.7,65.3,81.5,5.4,70.1
7.4,71.6,88.1,56.7,5.9,78.7
7.1,73.3,69.4,54.3,5.5,72.1
3.5,64.5,70.0,58.5,5.5,62.1
8.5,82.5,46.3,49.5,7.1,73.8
8.1,100.0,63.4,60.5,6.5,76.4
5.8,87.4,64.4,61.6,7.4,70.4
5.7,67.6,55.6,42.4,9.0,60.7
6.7,91.6,68.3,68.3,6.8,81.7
3.6,74.2,61.6,38.9,4.3,47.9
5.6,94.5,69.2,66.5,6.7,75.5
0.8,87.7,69.8,60.5,8.4,50.4
7.4,42.7,53.7,53.3,6.9,57.6
2.1,66.0,62.0,69.6,8.8,64.4
8.8,89.3,69.2,62.7,7.5,78.9
4.8,79.8,85.8,83.3,4.8,81.0
5.0,65.7,71.9,58.4,7.1,65.0
4.1,70.4,58.1,46.8,7.4,52.9
4.9,55.1,74.0,73.4,8.3,75.3
8.6,76.9,93.6,79.9,9.2,92.1
0.5,100.0,81.8,75.0,8.1,73.7
8.3,87.7,76.2,74.3,7.5,88.2
6.2,100.0,78.9,75.6,7.8,81.9
2.8,88.6,89.6,75.9,6.8,79.5
3.1,90.3,84.1,63.2,5.2,68.3
9.2,100.0,76.5,69.9,7.0,92.5
3.4,82.5,84.0,76.8,7.4,71.3
3.0,75.8,51.8,51.5,5.6,49.8
8.0,90.4,45.5,59.8,8.6,68.1
6.2,95.4,70.4,70.6,8.2,84.9
3.4,72.2,69.0,54.0,5.4,60.9
6.0,69.3,59.8,44.7,8.6,67.2
3.2,79.7,80.4,67.9,6.6,73.9
7.9,88.0,40.1,44.9,6.1,62.2
7.8,87.6,60.0,62.6,8.3,74.1
6.7,60.9,60.7,47.9,6.9,67.2
6.3,100.0,43.5,49.0,9.3,62.2
9.4,70.3,90.4,80.7,6.0,85.3
5.5,74.8,47.6,51.1,4.9,53.8
2.9,67.2,59.2,48.7,6.7,55.3
6.5,100.0,81.6,75.0,7.9,80.5
10.1,80.9,77.7,79.0,5.9,86.4
3.3,67.8,51.4,52.6,5.4,44.8
4.7,88.4,78.2,74.9,7.3,82.0
6.4,87.2,72.3,60.5,5.2,81.6
5.4,75.7,100.0,87.1,7.4,90.4
3.3,88.1,74.1,86.3,6.6,77.3
8.0,68.1,65.9,51.9,7.6,73.9
10.6,72.1,55.2,43.9,5.3,76.7
5.9,53.9,56.8,51.1,8.6,56.8
3.5,62.1,55.6,58.1,6.8,53.5
2.1,99.7,88.6,77.9,7.9,78.8
6.1,97.7,68.3,58.6,8.2,76.4
7.9,78.8,76.5,65.9,5.6,91.4
6.5,98.0,90.7,84.2,8.1,94.3
5.5,76.1,32.6,38.7,5.3,41.3
4.2,75.1,87.2,76.6,5.4,72.2
3.1,78.7,68.8,71.8,9.4,74.8
7.3,76.5,74.5,67.0,8.3,76.2
7.5,75.4,55.6,54.2,9.5,72.3
2.1,91.7,56.7,65.7,6.6,56.0
9.0,79.8,75.3,59.5,7.1,76.8
6.8,86.5,100.0,74.0,7.6,96.8
8.6,90.4,83.0,71.1,7.0,87.2
2.5,82.7,87.0,69.6,6.1,75.2
2.5,66.4,65.1,51.0,5.9,56.9
5.2,61.8,59.0,67.5,7.3,65.8
6.6,79.8,56.3,73.3,5.7,68.0
9.5,75.9,60.7,54.5,5.7,76.4
7.1,79.0,37.2,45.9,7.5,51.9
5.0,77.8,57.1,54.4,6.9,50.4
3.2,100.0,59.6,71.6,8.1,71.1
8.2,62.0,65.4,66.9,6.5,74.1
3.4,54.1,70.0,42.8,6.3,52.5
9.1,82.0,73.4,69.7,7.5,78.6
4.9,73.5,67.8,50.2,6.0,54.4
9.0,81.8,59.3,72.1,6.2,77.7
7.0,85.0,38.5,50.9,6.3,65.1
5.2,93.4,59.4,54.4,6.7,65.4
4.4,59.9,53.4,47.4,9.1,53.4
4.8,71.3,75.0,61.8,5.3,68.4
6.4,83.1,81.6,74.9,8.6,94.6
5.7,87.2,82.1,80.3,7.9,88.0
4.2,100.0,79.4,64.5,8.9,74.9
5.1,89.5,66.0,78.4,10.0,77.6
5.7,77.3,60.2,70.3,8.7,71.9
0.8,67.3,56.8,46.1,8.1,42.7
6.5,71.2,45.4,48.4,5.4,58.8
3.3,70.9,82.9,82.0,5.6,70.0
3.0,85.9,65.4,72.3,7.4,60.0
1.8,81.1,49.3,49.7,5.0,47.3
1.6,62.1,55.6,57.6,7.7,50.0
2.5,72.8,55.0,77.4,4.4,56.2
3.9,88.5,68.6,65.7,8.4,67.2
9.8,82.2,84.0,66.7,6.6,87.7
4.3,84.8,62.8,62.1,7.2,71.1
5.9,82.6,34.2,46.4,6.1,53.0
6.4,97.5,65.2,61.0,4.7,68.1
5.8,80.8,65.7,64.9,8.5,63.7
5.3,73.4,64.6,48.8,8.6,61.2
2.9,67.0,58.6,48.7,6.6,53.6
8.7,81.0,71.3,70.5,7.8,80.6
9.5,48.7,69.0,41.1,6.5,66.1
1.8,75.8,67.6,68.4,7.3,59.0
3.2,75.5,74.2,48.6,7.9,63.8
4.9,61.6,61.6,40.4,7.7,61.0
3.4,66.9,60.7,51.1,8.6,57.7
6.6,87.7,88.7,78.0,7.6,89.7
3.9,80.8,76.4,77.8,7.0,73.4
10.3,79.2,80.4,69.5,6.1,87.4
8.1,81.7,86.4,71.0,6.4,92.0
6.0,79.1,75.9,71.2,8.0,82.0
7.8,92.9,81.9,66.3,5.2,94.2
7.9,79.5,44.3,50.4,8.3,66.4
4.3,60.5,71.1,49.6,6.7,59.3
3.7,97.6,65.3,66.0,6.0,63.9
5.7,82.4,93.2,75.8,5.7,90.0
7.4,70.9,81.9,61.3,7.8,77.2
5.8,63.0,58.5,54.2,7.0,65.0
2.0,82.8,73.6,67.4,8.9,64.4
3.7,76.6,70.5,72.3,5.5,68.9
5.3,96.9,74.8,57.5,6.3,70.0
5.3,73.8,52.7,51.8,6.9,62.2
9.8,68.0,73.4,56.3,6.1,73.9
2.5,88.7,64.6,69.7,7.0,65.9
6.6,89.1,72.2,73.0,7.4,79.4
8.8,80.0,57.1,60.5,7.6,74.5
10.5,86.1,59.2,53.5,8.8,78.3
4.6,77.5,85.6,78.5,5.4,76.7
6.6,80.8,52.2,41.7,7.4,61.9
6.8,92.0,53.3,43.4,6.2,59.2
5.9,85.5,67.2,53.1,7.5,65.9
5.3,76.0,56.4,54.8,7.5,60.6
6.5,94.2,54.7,64.0,5.8,67.0
0.5,49.6,69.6,31.9,5.9,39.0
7.0,100.0,45.4,65.6,7.6,73.2
5.8,57.5,52.9,49.5,7.0,54.8
5.0,70.5,98.8,64.4,6.7,81.3
10.0,77.5,74.9,66.4,7.8,80.9
4.0,76.2,56.8,64.0,7.9,71.1
4.6,90.1,74.3,73.2,6.4,86.3
9.9,65.3,76.5,72.2,6.0,81.1
3.7,81.1,82.9,59.9,5.5,76.6
4.3,71.1,66.1,55.8,7.0,62.7
5.2,81.5,82.6,63.4,5.3,82.8
7.3,77.2,37.4,58.6,7.1,60.6
6.0,79.1,52.2,58.6,8.5,65.1
2.7,71.4,70.5,84.4,6.6,56.6
4.3,71.9,72.9,59.3,6.4,62.8
4.2,81.4,54.3,49.4,9.4,60.1
5.3,89.3,71.9,65.7,8.8,77.3
6.4,70.8,58.6,66.0,6.1,61.1
6.4,67.6,63.8,54.1,7.2,63.2
1.6,85.4,83.4,73.2,7.4,74.5
7.8,77.6,81.6,70.1,7.2,78.5
6.1,88.0,53.0,56.5,9.2,67.8
8.5,67.1,52.1,45.2,7.1,69.5
6.5,56.6,61.8,52.0,7.3,64.9
7.9,71.6,67.6,58.6,7.8,76.3
6.5,68.8,58.1,54.1,8.4,56.4
8.5,77.1,83.6,77.8,8.1,86.5
6.6,70.4,73.2,76.9,7.6,87.4
5.3,86.9,74.1,60.8,5.1,69.3
10.5,74.5,49.0,47.4,6.4,74.7
7.5,79.8,85.5,65.4,8.0,83.1
6.8,79.9,30.0,43.0,7.3,49.9
2.7,80.3,80.5,65.0,8.0,73.3
2.7,77.7,82.0,71.4,9.3,74.5
6.1,84.1,61.5,68.7,5.6,71.7
5.8,68.5,87.1,49.8,8.4,72.8
4.1,94.8,67.1,69.5,6.6,65.7
5.8,75.2,68.9,58.0,8.1,66.8
9.0,62.3,73.1,64.5,7.0,76.7
7.0,80.3,100.0,72.9,9.6,94.1
3.0,67.8,88.2,80.0,7.2,80.6
5.3,86.0,78.5,77.0,6.2,79.5
3.7,100.0,54.3,64.4,7.5,66.5
4.6,68.6,70.2,67.1,7.4,69.2
4.6,82.0,55.8,50.2,8.4,56.1
4.4,56.9,80.3,58.4,7.5,68.5
2.7,83.4,70.1,70.4,10.0,70.5
5.2,67.4,51.1,43.8,6.9,57.8
4.3,70.5,69.2,72.3,6.9,63.7
0.5,64.8,55.3,49.0,6.3,35.2
10.0,86.8,70.3,69.4,7.1,87.3
7.9,90.1,55.1,74.6,7.3,77.6
4.7,78.3,68.4,56.5,7.3,66.3
5.5,67.6,79.3,66.1,7.1,74.6
2.9,97.1,67.2,74.7,6.3,73.1
9.2,69.0,62.1,64.0,5.9,72.4
9.7,52.1,71.0,54.5,6.5,73.6
5.8,83.5,78.5,64.9,8.4,79.4
7.8,64.7,51.4,47.6,8.6,57.9
5.9,89.9,71.9,78.6,6.9,78.7
2.6,73.4,87.8,69.4,5.9,71.5
4.6,85.2,76.6,69.1,6.9,82.3
5.8,94.8,68.9,63.2,9.5,76.1
4.5,63.5,77.6,69.2,8.2,73.0
5.0,71.2,74.8,65.2,7.7,76.3
5.3,77.1,79.3,59.9,8.2,71.7
5.3,96.5,37.6,42.1,8.8,61.6
5.6,70.1,44.7,31.1,5.6,56.3
3.2,70.9,83.1,61.8,6.5,69.2
3.9,83.7,45.4,57.2,6.4,51.9
2.7,71.1,74.0,74.1,7.7,75.3
7.7,79.8,62.7,64.9,7.2,78.1
0.9,59.4,53.1,53.5,7.9,46.4
8.0,100.0,73.2,69.2,6.4,91.1
8.5,61.8,71.0,65.7,8.6,84.5
4.8,74.1,99.7,80.7,6.9,85.7
0.5,77.6,58.6,71.1,7.8,56.6
4.7,100.0,89.6,78.5,8.4,90.8
5.4,62.1,73.3,71.6,8.3,73.0
3.3,100.0,58.1,68.9,7.4,59.8
4.4,87.1,80.0,76.7,8.0,75.2
8.9,83.0,76.5,51.7,9.1,77.4
7.0,66.2,68.5,66.7,7.6,75.8
3.5,84.9,72.0,64.8,6.1,62.6
2.0,69.3,59.0,51.2,7.7,53.7
4.8,93.2,55.6,47.0,7.0,69.8
5.0,66.3,79.4,65.2,4.2,76.3
6.6,76.6,64.6,59.9,7.6,62.8
4.3,71.3,66.8,49.1,7.1,56.1
6.6,66.1,72.2,49.4,8.4,67.3
9.8,86.9,72.0,70.2,6.1,80.8
7.3,84.4,46.6,58.7,5.2,55.7
5.4,92.5,87.3,77.7,7.2,86.0
5.1,56.6,69.8,66.7,7.5,70.4
4.7,90.8,65.0,62.8,7.1,73.7
8.1,100.0,74.5,70.5,7.0,84.3
4.1,72.6,71.5,55.1,5.7,62.8
5.6,100.0,79.5,61.2,6.8,81.4
5.6,74.8,76.1,80.4,6.6,77.3
4.4,61.5,78.8,72.8,8.3,76.7
2.5,74.3,88.3,61.0,7.5,73.4
6.2,90.6,81.3,73.6,6.7,81.7
5.4,67.9,65.6,57.3,9.1,59.2
6.6,70.8,51.2,48.7,6.7,66.5
4.3,85.1,93.0,74.2,7.7,81.0
8.2,78.0,64.4,63.0,6.8,77.0
3.6,85.0,60.9,66.3,9.0,57.5
9.3,80.9,41.9,51.5,7.1,65.4
1.7,83.8,73.1,65.2,7.1,65.1
6.5,72.8,70.2,60.6,6.8,72.8
6.5,80.8,45.3,57.6,7.2,75.0
3.7,66.9,74.8,66.6,8.4,66.1
6.4,93.5,60.5,62.2,8.0,76.6
8.3,70.4,100.0,77.3,7.0,97.3
0.6,91.5,59.5,63.4,9.0,55.2
6.6,75.2,61.5,53.9,8.0,71.8
0.5,80.4,54.9,61.9,6.5,50.0
3.4,72.1,87.2,62.4,5.3,75.0
9.1,65.8,62.4,52.5,6.5,80.2
4.2,57.1,57.1,55.6,7.5,56.8
2.9,65.3,78.6,55.5,7.7,63.6
5.1,74.1,47.3,37.0,8.6,58.4
10.0,80.5,77.4,68.2,5.7,93.3
1.5,90.1,94.7,66.0,6.5,71.4
3.2,72.7,76.5,54.9,5.6,61.9
8.8,67.4,77.6,70.6,5.4,84.7
9.6,60.7,81.1,63.1,6.2,82.4
5.3,83.8,93.6,87.7,7.4,85.5
2.8,94.6,86.1,66.4,7.9,79.5
10.1,93.2,74.6,68.6,5.9,91.8
9.0,86.5,81.6,74.7,6.0,88.0
7.0,85.7,54.7,47.1,4.9,63.5
3.7,98.4,79.6,81.6,7.3,77.6
5.4,82.0,52.9,58.7,6.1,56.7
5.1,85.8,62.5,48.0,9.0,64.2
6.2,74.2,30.0,39.7,7.5,48.1
8.7,61.7,74.0,64.2,6.8,71.7
7.4,69.8,58.3,49.8,6.2,62.9
3.1,77.9,84.7,59.2,5.2,69.7
8.5,78.7,73.9,67.5,5.4,86.0
6.2,100.0,84.9,94.4,6.3,90.4
7.0,79.0,51.7,50.1,6.2,56.9
8.7,92.1,83.6,86.6,5.8,92.7
3.1,72.8,99.6,72.0,7.5,78.4
5.4,74.3,79.5,69.0,7.6,79.4
4.3,62.1,79.9,70.6,6.4,69.5
2.1,69.1,70.5,61.0,9.3,50.5
6.3,84.3,60.1,56.7,4.9,82.8
11.0,78.1,79.4,74.0,7.1,93.6
1.5,89.3,45.4,67.4,6.7,52.5
5.4,80.2,61.7,61.4,6.3,59.4
6.9,73.8,41.4,42.1,6.2,47.7
5.8,100.0,57.4,60.1,7.0,69.2
5.3,76.9,77.6,87.1,6.7,81.4
2.6,92.0,75.6,70.7,6.5,73.8
6.0,73.2,68.8,56.4,5.4,68.8
3.8,86.5,70.6,56.3,5.1,59.9
0.7,89.1,39.7,34.5,6.7,27.8
8.1,80.5,62.4,62.4,6.5,73.8
7.6,49.7,57.8,54.5,6.8,60.5
5.6,78.2,58.1,53.3,6.9,57.6
6.0,92.8,77.0,70.4,6.4,83.8
7.9,84.3,55.1,47.0,6.7,60.2
6.0,83.4,58.9,59.3,6.0,69.2
7.5,57.3,36.7,43.4,8.8,46.9
4.8,69.4,63.6,53.0,6.0,61.7
8.4,82.9,51.7,67.7,6.6,76.0
6.2,82.9,69.2,57.1,6.1,69.8
5.9,92.6,53.7,60.0,6.1,73.3
2.7,76.3,69.6,69.1,7.0,73.6
6.1,82.9,65.8,61.3,6.9,72.3
3.7,78.2,93.1,74.2,6.4,82.3
4.1,66.2,75.5,51.6,6.7,69.5
3.7,50.9,40.4,50.8,6.1,45.4
3.2,83.2,49.0,51.4,7.5,55.8
10.2,80.1,68.8,67.2,9.5,84.5
8.4,70.6,54.1,57.8,6.0,59.8
9.7,58.6,30.0,31.1,7.5,45.4
2.8,85.6,88.2,73.3,7.1,87.9
5.7,74.8,78.8,77.7,7.8,81.3
2.7,84.7,75.8,58.9,7.8,66.8
4.0,100.0,58.9,79.4,7.2,76.4
3.5,52.3,74.4,53.0,7.0,57.1
8.2,69.6,57.4,44.5,6.5,68.0
4.6,75.5,71.1,64.0,6.1,68.6
7.9,95.5,54.2,76.4,6.9,78.7
6.8,58.4,90.7,54.2,5.5,75.4
10.6,100.0,44.4,53.3,6.3,69.2
2.2,79.6,86.5,76.3,8.3,71.8
8.3,76.8,68.6,62.2,7.1,74.0
8.0,75.6,60.7,60.3,8.1,73.2
3.4,72.8,70.5,56.2,8.8,58.1
7.7,90.6,79.0,66.3,6.8,78.8
6.2,65.2,88.5,68.8,7.2,81.6
5.0,82.1,72.7,56.5,6.6,69.5
3.7,73.4,54.6,53.0,6.0,55.6
3.9,68.9,68.8,57.0,5.9,61.9
10.0,100.0,95.3,78.7,8.0,100.0
5.5,83.0,88.2,76.8,7.3,85.3
7.2,85.4,81.6,56.7,9.2,81.6
3.8,91.7,79.9,70.0,8.2,77.7
3.8,60.9,78.5,81.9,6.1,75.9
7.9,99.0,85.4,68.0,8.0,91.1
2.5,47.9,61.2,60.9,6.6,55.4
4.6,68.8,47.7,48.9,8.5,56.1
5.6,72.5,69.0,56.3,6.4,66.3
5.7,85.0,55.7,46.3,5.7,61.3
5.1,80.6,52.2,55.0,6.0,66.4
6.4,76.0,57.2,67.1,6.1,68.3
7.0,77.9,100.0,76.4,6.0,87.4
7.1,66.3,70.0,59.4,6.3,70.0
3.3,60.0,73.4,68.5,8.0,56.4
4.9,86.7,49.7,56.7,9.2,62.9
8.1,86.3,40.3,36.2,5.4,63.0
7.5,97.0,55.7,60.7,8.5,68.3
2.5,68.5,89.6,83.5,6.4,76.2
6.3,86.3,73.0,66.4,7.4,82.1
1.1,74.6,77.0,44.1,5.0,60.7
5.6,92.3,79.1,74.7,7.6,88.0
9.7,90.3,59.1,58.5,4.6,67.5
3.4,80.5,88.8,59.3,7.4,77.1
3.7,73.9,58.5,42.2,7.3,48.6
7.2,89.5,89.1,84.2,7.2,88.1
2.1,85.8,74.6,61.6,6.1,68.6
4.1,69.8,41.2,37.9,7.7,47.3
6.8,62.1,56.8,51.5,7.5,66.0
4.1,74.5,41.2,41.1,6.7,43.1
5.0,96.2,85.4,76.8,7.8,91.9
7.1,91.8,67.6,63.5,6.9,80.1
6.4,64.7,34.6,30.6,7.6,50.4
6.1,64.0,73.6,57.4,6.8,65.3
4.8,93.3,59.9,64.8,7.3,73.7
6.3,64.4,45.7,46.6,7.7,54.1
5.2,84.1,93.2,76.6,6.5,83.0
6.5,70.6,69.6,76.4,5.5,76.8
4.4,97.4,63.6,70.2,7.3,73.9
5.1,68.8,62.0,63.1,8.4,62.1
3.3,91.7,45.3,51.5,7.4,63.2
5.4,80.2,48.4,53.4,7.4,67.2
3.7,81.0,87.3,69.8,6.9,79.8
3.0,54.4,60.9,58.3,7.9,57.3
6.1,51.6,68.3,54.6,6.8,65.9
6.0,75.4,37.3,46.1,6.5,44.6
7.2,81.0,48.2,53.0,8.3,65.1
4.6,64.5,77.1,63.4,6.4,69.6
6.4,64.9,73.7,85.3,8.1,76.8
6.7,84.7,94.3,72.7,8.3,89.7
6.5,84.8,88.1,69.2,7.7,75.4
3.7,76.3,64.5,65.1,5.5,57.7
5.8,87.4,75.1,63.4,7.0,80.6
6.3,63.9,63.3,53.5,6.8,72.5
5.5,73.7,98.8,69.1,6.4,80.9
0.9,97.8,85.2,80.2,7.2,75.9
5.9,78.8,70.5,67.5,7.9,79.7
10.4,79.5,71.0,61.4,6.4,81.4
4.7,100.0,89.7,85.1,6.8,91.4
3.9,61.2,76.7,47.6,6.7,62.6
6.3,87.6,91.4,71.5,8.4,94.4
6.2,98.0,35.1,47.4,6.7,50.3
8.1,74.1,74.9,55.3,5.5,71.2
2.7,88.3,60.3,46.3,5.1,56.6
7.1,66.2,94.3,71.0,7.4,87.5
6.8,69.8,91.2,78.2,6.1,85.8
5.2,82.6,68.5,73.6,7.8,76.7
6.2,87.6,91.0,72.6,5.4,81.7
7.8,91.5,94.7,85.8,6.4,90.7
7.4,96.8,69.1,72.3,5.4,78.0
3.0,77.2,100.0,89.0,7.5,84.2
7.3,92.3,67.5,62.4,7.8,77.0
5.4,73.9,64.8,44.7,7.4,69.2
5.7,88.8,81.0,72.3,5.7,83.7
5.7,80.5,62.7,51.5,6.1,67.4
5.2,83.3,69.3,58.2,7.3,71.3
8.1,83.1,89.1,72.4,5.0,86.6
5.3,58.7,68.3,54.5,6.7,59.8
3.0,64.5,42.6,45.7,8.8,41.0
4.6,79.2,73.5,70.9,6.8,69.5
5.9,57.8,57.6,48.2,5.2,56.6
8.2,88.0,81.0,74.7,6.3,82.6
6.8,88.5,78.4,70.4,6.2,82.6
3.6,81.9,90.1,82.5,9.6,83.3
11.0,64.5,81.6,64.5,9.0,89.0
6.1,94.6,84.4,74.4,7.9,92.0
8.3,100.0,58.0,58.9,6.6,64.7
5.2,79.8,80.1,67.7,8.4,76.5
6.7,84.1,97.5,73.4,5.6,79.4
7.3,80.4,57.7,49.8,8.3,69.6
8.2,84.4,95.0,84.6,8.1,100.0
7.8,76.6,59.8,48.4,6.8,62.1
7.4,77.6,55.2,52.2,8.4,62.2
4.8,88.9,72.4,75.2,6.5,67.7
4.2,100.0,78.7,70.5,5.5,77.1
6.2,61.2,81.7,71.9,8.2,77.2
7.6,76.8,53.6,49.0,6.9,63.7
5.0,63.8,74.5,53.5,7.7,65.9
7.8,97.1,57.7,48.3,9.2,69.3
8.7,70.9,45.7,58.4,6.1,69.5
3.5,60.7,54.1,40.8,6.8,50.4
3.7,85.7,56.7,63.6,8.9,58.4
5.2,98.9,75.8,63.4,7.8,75.2
6.2,86.0,85.3,84.0,6.2,82.5
4.3,80.5,45.9,68.0,5.9,63.5
8.5,82.9,73.3,52.5,6.4,81.6
6.4,95.0,50.3,47.7,6.1,62.2
5.6,67.5,77.4,70.6,7.3,82.8
2.3,76.7,58.7,60.6,7.1,63.3
2.6,72.6,52.2,58.1,7.3,52.1
6.1,64.0,80.0,60.4,6.0,71.3
0.8,74.1,59.2,72.0,6.9,53.6
7.7,91.3,63.3,63.6,4.5,69.8
5.2,84.8,34.7,35.5,7.2,56.0
12.0,85.7,82.2,69.6,8.4,94.1
10.6,79.8,80.3,59.5,5.3,91.1
5.1,84.3,68.1,76.3,7.6,77.6
5.3,68.4,45.1,41.6,6.3,49.4
7.7,74.3,86.1,74.9,8.0,96.1
9.2,80.3,58.0,53.2,7.2,66.3
1.9,81.3,61.2,54.1,7.5,56.2
1.6,81.8,100.0,65.2,7.1,74.7
4.1,76.3,57.4,60.4,8.6,66.5
6.8,73.5,79.1,77.3,7.4,83.7
6.6,100.0,76.4,64.7,6.2,73.4
7.9,88.9,73.9,55.5,7.1,85.3
2.9,83.0,72.2,71.9,6.6,70.6
0.5,75.2,73.6,51.1,7.2,52.0
7.4,72.6,72.1,72.6,6.5,76.4
3.7,76.4,67.2,53.8,6.2,56.0
1.1,81.5,90.7,66.4,7.2,70.7
5.8,55.4,48.3,47.4,7.1,54.0
7.2,59.2,83.3,57.3,8.3,76.7
5.2,70.4,80.3,61.1,6.5,70.9
4.5,80.5,78.5,71.1,4.6,65.6
5.1,75.1,84.8,51.0,6.6,74.9
4.7,95.7,66.6,78.7,5.0,64.3
2.5,60.2,40.0,42.4,7.5,41.0
3.9,69.0,66.9,48.7,5.0,50.1
6.6,96.2,53.1,50.1,5.8,65.4
6.2,79.6,57.0,64.2,6.6,67.0
5.9,88.6,49.4,59.1,8.9,67.3
3.3,100.0,60.8,74.5,5.7,71.0
5.1,69.7,59.1,49.5,7.0,64.7
0.7,76.8,32.3,44.3,7.7,29.2
5.9,74.7,78.5,70.3,8.8,79.1
8.6,54.5,100.0,79.2,7.9,100.0
2.3,74.3,77.1,75.0,8.3,70.4
4.2,88.6,65.0,57.2,8.0,63.4
6.2,84.5,67.2,62.2,5.5,71.0
8.3,85.4,61.7,55.4,7.4,72.8
4.5,73.5,69.4,61.1,8.0,62.7
4.0,70.1,67.4,65.2,5.9,67.9
1.2,93.2,55.4,45.5,6.3,53.7
5.7,72.0,93.2,83.1,6.0,79.7
10.0,81.5,45.7,41.4,7.9,67.1
6.1,80.0,78.8,65.9,6.9,75.5
5.5,95.5,66.5,75.4,6.6,68.6
6.2,89.7,96.5,83.1,5.5,85.3
5.5,62.5,73.1,63.5,6.9,64.0
3.7,63.7,62.6,45.9,6.3,54.9
7.3,84.9,64.3,53.2,7.3,70.4
6.0,77.2,68.6,69.6,5.6,67.7
5.5,72.5,50.9,46.4,7.2,55.3
3.4,90.2,56.5,54.7,6.5,62.5
8.4,80.2,41.2,55.4,5.5,63.6
7.0,78.6,54.2,46.1,5.4,66.4
4.3,87.4,69.4,67.2,5.6,68.3
7.7,73.5,72.5,63.6,6.8,84.4
4.4,96.8,38.3,50.2,7.1,55.4
3.8,68.5,65.9,54.2,7.3,58.9
3.8,85.9,76.5,63.9,7.4,72.6
1.6,95.2,65.6,56.3,6.1,54.2
6.5,61.5,58.5,56.4,8.3,63.3
1.5,73.9,61.8,52.1,6.5,54.8
2.8,91.7,59.9,68.6,7.5,66.8
0.9,91.9,58.4,58.3,6.8,53.3
5.3,75.9,70.6,54.3,7.5,81.2
5.2,69.2,100.0,75.4,6.7,85.1
4.8,89.5,56.8,55.3,7.5,56.4
3.2,92.2,63.2,70.9,7.0,72.3
2.9,64.0,67.2,55.0,8.0,62.1
6.5,63.6,57.7,50.4,6.0,62.0
4.3,80.7,84.5,82.9,4.9,76.4
6.2,85.6,32.4,48.3,5.8,53.4
3.6,74.4,60.0,69.9,8.3,71.1
5.9,86.2,80.3,80.8,6.8,84.0
8.4,69.5,63.6,50.3,7.1,64.3
6.8,52.6,55.7,56.7,5.7,44.3
4.6,72.9,74.6,76.5,7.1,75.3
6.1,78.8,81.6,81.8,5.8,77.6
5.0,74.7,71.2,70.7,5.9,70.2
5.5,64.1,56.0,59.6,6.5,56.8
4.8,56.2,74.8,57.8,7.5,62.6
5.1,71.8,62.0,50.4,7.7,59.2
6.0,88.8,79.2,67.9,7.7,78.0
3.3,93.1,90.2,64.6,5.1,80.2
3.3,92.3,30.0,55.3,7.0,49.8
2.4,68.2,69.7,58.1,6.8,54.2
2.0,64.2,42.0,54.5,5.2,37.2
2.8,84.0,100.0,71.1,7.0,83.6
5.9,85.6,61.0,68.6,6.7,75.3
3.5,82.8,79.2,65.3,7.6,77.3
6.6,53.8,67.5,45.3,7.1,59.2
5.6,67.6,56.0,65.7,6.3,67.1
1.2,77.6,54.2,63.1,8.1,45.5
6.9,83.8,91.8,78.1,4.3,86.7
7.3,87.2,82.3,72.3,6.9,88.1
3.3,79.7,97.2,81.9,4.9,72.2
6.4,82.0,68.8,64.9,5.9,82.6
3.6,79.0,72.3,58.2,7.6,73.0
5.7,86.2,64.0,58.5,5.5,70.8
2.7,81.8,63.7,76.2,5.3,59.0
1.6,78.8,52.4,74.9,9.9,58.4
4.7,74.8,69.3,74.3,5.4,73.0
5.2,79.0,56.2,59.5,9.0,60.1
4.6,83.8,74.6,64.3,6.8,71.6
2.9,81.2,70.6,57.7,6.4,67.6
4.6,82.6,72.3,59.6,7.7,64.1
6.1,94.1,93.1,75.3,8.6,93.3
5.4,81.2,67.4,79.6,5.6,65.2
5.9,70.2,79.4,80.7,6.4,74.8
4.0,88.6,98.8,87.5,8.0,88.1
8.1,61.6,87.6,60.9,7.3,85.3
2.9,65.0,85.3,75.3,8.3,70.5
6.6,82.0,63.4,58.5,7.6,71.8
8.1,84.2,71.4,48.1,9.2,75.3
6.6,63.1,48.2,49.6,7.2,55.1
5.1,73.4,75.5,58.1,7.3,76.6
4.3,70.7,72.1,55.9,7.4,61.1
7.8,72.2,68.4,58.7,6.8,77.4
2.4,89.3,83.4,69.2,8.0,74.4
3.4,86.5,49.9,53.8,7.3,53.3
4.6,77.8,92.5,74.7,7.9,78.0
8.2,71.4,81.5,52.7,8.1,75.8
6.3,61.8,66.9,69.4,7.5,67.4
3.4,95.0,65.8,57.1,7.6,65.6
4.8,85.1,75.2,60.0,5.8,74.1
4.1,69.5,90.8,69.7,6.3,75.5
3.9,86.6,69.5,64.0,8.0,68.8
7.7,77.2,70.2,74.6,8.7,81.1
2.5,74.6,68.3,63.4,4.7,61.9
9.0,83.2,94.7,82.4,6.3,100.0
7.3,69.1,62.5,58.8,7.0,63.3
7.9,73.9,67.6,62.5,5.9,73.0
4.5,79.5,90.0,76.9,6.0,86.5
5.2,72.0,70.2,46.1,7.6,59.8
2.3,86.0,85.1,71.3,8.9,76.1
4.3,100.0,54.3,69.2,4.6,63.4
6.6,68.9,64.9,89.5,6.8,73.7
8.4,58.0,90.3,59.5,7.6,91.4
3.1,54.0,57.9,53.7,7.9,53.1
4.7,76.2,65.7,55.6,7.4,72.1
5.2,70.0,71.9,78.4,9.1,75.8
2.4,80.5,53.2,43.6,7.0,52.8
6.8,79.6,61.8,63.9,8.6,70.2
3.9,58.8,69.7,46.8,6.2,55.7
5.1,56.2,68.7,54.3,7.1,65.0
4.5,81.6,87.2,73.1,5.5,80.6
3.8,79.6,91.1,83.6,8.1,86.2
5.5,72.9,55.2,45.0,6.9,60.2
5.0,58.1,69.7,63.2,7.4,60.3
4.7,83.7,78.1,69.0,6.6,71.7
3.9,93.3,90.7,80.4,7.7,89.0
6.2,81.3,78.8,76.3,7.5,73.0
9.1,67.8,72.4,51.5,5.8,77.0
5.8,78.5,78.0,74.0,5.9,77.1
7.7,61.6,78.1,58.8,7.0,80.4
2.4,90.7,54.1,66.2,7.8,61.6
5.8,79.0,70.9,66.4,9.2,72.7
3.1,56.8,89.9,67.0,7.4,68.5
2.3,74.4,64.9,54.6,8.2,56.5
3.9,83.6,69.9,70.9,5.1,70.8
8.1,74.0,64.4,69.0,9.4,68.1
7.6,74.7,33.3,37.7,7.7,53.5
6.0,63.3,68.3,49.3,6.9,61.3
2.1,84.8,72.5,71.6,6.8,67.8
5.1,70.2,60.3,44.1,5.7,59.5
6.2,52.1,50.7,35.5,6.0,43.3
5.9,73.5,54.8,45.0,9.3,60.9
1.4,89.8,79.5,67.9,5.8,68.2
3.5,73.4,97.6,66.3,5.8,78.4
5.4,98.9,88.7,63.0,6.2,82.8
6.7,83.1,47.8,43.0,5.6,52.8
0.7,82.1,80.8,75.1,7.0,63.0
5.1,76.5,58.1,45.9,8.3,55.0
5.8,77.2,59.3,54.2,6.3,66.3
7.4,74.8,61.1,72.9,5.4,71.6
7.0,74.4,78.6,66.4,7.4,79.6
6.8,84.4,82.4,74.2,6.9,76.9
3.7,66.8,66.5,50.7,8.2,60.6
1.3,65.1,66.8,75.3,6.5,61.6
4.6,64.5,75.0,58.0,6.7,58.8
7.7,100.0,76.5,70.3,6.8,83.7
8.6,84.4,85.6,83.7,7.1,86.3
7.1,81.7,48.7,50.8,6.5,60.5
6.4,65.3,68.3,59.3,6.3,64.6
6.3,85.5,52.0,52.7,4.8,63.1
4.3,76.6,67.2,58.9,6.3,65.5
5.2,80.6,64.6,63.6,7.9,75.3
9.2,66.3,67.3,63.0,8.0,78.0
3.4,79.9,56.0,50.6,6.4,57.3
9.1,72.9,45.7,42.2,8.6,61.8
4.8,68.8,36.6,37.5,7.0,40.2
8.4,86.8,66.0,51.8,5.4,78.0
2.4,59.5,61.5,41.0,5.0,53.5
6.8,84.8,57.9,60.4,8.5,74.2
3.9,86.2,87.8,82.3,6.6,82.3
2.4,67.4,55.1,59.1,5.5,47.1
6.0,68.2,89.3,52.1,4.3,79.6
7.7,75.3,92.4,72.7,6.5,91.7
3.6,81.4,38.7,37.8,7.5,55.3
2.2,76.2,69.4,63.4,6.2,56.1
5.3,83.2,62.0,56.6,5.7,68.9
5.3,99.2,30.0,51.0,6.3,54.5
6.7,71.9,46.3,48.3,8.5,58.1
7.6,57.4,79.6,48.0,5.3,77.9
5.4,87.9,98.3,73.3,6.2,90.1
9.6,98.2,81.5,74.4,8.5,91.6
6.0,82.7,72.9,66.5,7.6,75.8
4.7,64.9,67.7,47.2,7.2,57.4
2.0,76.5,93.2,63.1,6.2,70.1
4.9,64.6,100.0,76.6,7.0,88.0
4.8,85.7,59.2,47.8,6.4,65.8
7.6,61.8,38.0,30.0,6.0,49.9
6.5,74.4,36.5,40.1,5.7,46.6
2.9,65.9,87.8,65.9,7.9,74.0
5.9,79.5,67.3,54.9,6.9,72.4
7.0,73.6,70.7,56.7,7.4,64.6
8.9,80.1,41.1,47.7,7.2,63.5
7.5,78.3,56.7,50.0,7.5,66.5
7.2,66.2,63.6,57.1,6.7,72.8
5.6,85.5,71.1,62.4,6.4,74.5
6.4,77.4,62.0,59.8,6.0,70.0
8.2,66.1,52.4,57.4,5.3,62.2
2.6,100.0,56.2,67.6,5.7,61.3
4.7,83.7,86.1,83.6,6.6,87.0
3.8,76.2,71.7,70.2,5.1,66.9
6.3,95.0,77.2,73.1,5.3,81.8
8.2,100.0,54.5,56.5,8.3,68.0
4.2,76.3,30.0,37.5,7.3,41.9
0.5,82.2,60.2,51.6,6.5,42.0
4.6,66.1,55.0,51.8,9.7,56.9
7.5,76.2,73.2,69.9,5.0,77.6
6.7,75.6,100.0,73.1,8.2,95.5
6.4,80.2,78.4,67.9,6.9,74.7
4.9,82.0,100.0,75.1,7.9,90.5
2.7,84.7,76.5,69.9,7.1,76.9
6.6,80.9,58.6,53.1,4.8,61.7
3.7,63.5,73.2,55.2,7.1,56.4
10.3,66.7,94.7,68.3,7.4,96.4
6.8,71.4,95.4,79.3,4.4,81.6
4.2,74.6,59.4,55.5,9.3,58.8
4.2,90.6,71.8,63.7,7.4,76.0
5.3,64.0,46.6,48.7,7.8,62.4
5.0,73.7,80.4,64.3,5.6,68.5
8.0,89.4,91.3,86.6,7.8,93.6
5.9,74.4,68.6,53.5,8.3,67.8
3.9,83.5,58.0,56.3,7.3,58.6
9.7,76.3,73.4,53.2,7.0,89.7
5.6,81.1,74.3,63.4,5.9,70.8
7.2,75.3,69.2,48.4,6.7,69.1
4.2,86.0,70.7,71.4,6.4,78.6
6.3,59.5,65.4,62.0,7.7,70.5
6.2,73.6,82.9,75.3,6.0,84.9
1.3,81.6,79.0,69.1,7.7,63.5
9.9,84.4,53.3,48.4,6.0,68.9
8.3,95.9,52.8,51.6,6.7,66.0
4.6,73.3,64.2,70.9,7.7,71.5
3.1,95.8,79.1,83.9,6.2,82.9
6.3,70.1,70.2,62.1,7.8,69.7
5.7,93.9,58.4,56.5,7.7,66.8
6.3,87.8,71.9,77.4,6.7,78.1
5.9,67.0,63.0,50.8,8.4,58.1
6.6,81.7,81.2,71.9,7.1,79.5
8.7,77.4,73.0,75.3,8.3,88.7
6.7,85.5,63.3,54.5,9.2,68.8
3.2,75.3,71.5,69.8,6.7,67.3
8.5,74.3,87.7,76.0,7.8,85.0
9.1,94.4,59.5,61.0,6.2,76.9
12.0,76.8,74.0,57.0,5.8,84.6
3.0,87.9,66.9,58.0,6.8,58.3
6.0,75.3,74.4,67.1,5.4,77.1
0.9,98.0,58.2,50.1,5.9,57.1
6.7,69.9,69.7,61.9,7.7,68.7
4.3,70.6,84.6,73.5,6.4,74.7
9.7,96.3,53.9,66.6,7.9,80.1
3.8,72.7,48.1,38.4,7.4,41.3
1.8,97.2,48.6,66.6,9.2,52.0
4.5,88.7,50.4,68.5,7.6,69.1
1.2,76.1,76.9,69.6,8.3,61.2
7.2,56.2,46.9,36.5,7.5,59.8
1.0,77.8,63.5,56.8,7.4,49.2
5.6,79.2,77.3,66.9,8.4,80.6
0.9,92.0,74.2,71.0,7.8,65.5
4.8,97.1,62.2,63.7,7.3,69.2
9.1,69.8,70.9,63.7,7.2,88.1
6.3,87.6,69.6,64.5,7.6,70.4
3.6,87.2,64.6,64.5,6.2,67.8
5.4,90.9,64.8,59.7,6.1,71.8
5.5,84.0,100.0,78.3,8.7,100.0
6.5,54.7,80.1,58.1,9.2,70.2
2.5,76.1,100.0,94.4,5.9,81.4
6.8,64.1,60.5,66.0,6.2,70.9
0.5,75.6,66.7,65.0,8.4,57.2
4.1,89.8,48.0,64.5,7.6,58.3
4.4,81.7,55.9,62.6,7.8,67.4
6.9,91.8,96.5,82.5,8.1,95.1
5.5,82.1,60.2,46.6,6.7,59.0
2.4,62.4,96.8,71.7,7.4,78.8
3.3,47.7,49.3,41.4,7.3,46.1
5.9,79.8,52.2,44.6,6.0,57.1
5.3,75.4,62.9,46.6,7.4,61.5
4.2,66.3,67.0,62.4,8.5,61.3
4.4,57.6,81.8,67.0,6.6,73.8
7.0,69.2,74.8,54.1,7.2,72.0
4.4,75.7,61.8,51.9,7.2,58.0
5.3,86.0,66.0,72.1,6.7,66.6
10.3,80.3,63.2,52.8,7.8,80.9
2.4,97.3,54.3,60.6,6.2,55.8
1.4,65.6,54.7,50.0,8.6,40.1
7.2,88.6,83.4,77.1,7.8,83.1
4.0,78.6,40.6,40.1,5.9,45.5
4.8,86.3,92.3,78.1,9.0,86.6
3.8,72.8,62.9,59.1,7.2,60.5
4.9,90.9,56.4,60.6,6.1,62.5
9.0,81.5,79.1,69.5,8.3,81.7
7.3,69.8,90.3,74.9,7.6,83.7
7.4,77.9,84.8,88.6,4.9,92.9
2.4,75.1,75.5,85.8,6.4,75.0
3.0,83.9,84.3,67.2,7.3,76.7
0.5,63.8,42.3,30.0,4.4,33.5
3.7,77.6,60.2,62.3,7.1,65.8
7.6,82.7,54.3,57.0,7.2,63.8
6.6,78.4,86.4,80.6,5.6,85.2
5.0,94.2,62.2,65.0,7.3,65.2
5.5,87.3,80.7,71.7,7.0,75.5
4.0,77.9,76.0,75.3,5.6,73.5
6.0,80.6,55.1,65.6,8.1,71.9
7.2,81.5,59.2,46.8,8.0,67.3
1.9,82.8,87.4,67.2,6.7,79.4
6.2,56.1,56.4,49.2,6.8,59.5
7.6,74.4,69.9,62.8,7.9,73.3
4.6,60.2,56.3,49.2,6.8,50.2
7.0,93.3,63.3,66.6,4.7,78.2
11.7,77.3,67.3,69.3,7.6,88.7
5.3,75.7,56.3,68.7,6.0,67.2
6.4,88.8,53.6,61.3,6.5,55.0
3.9,83.1,72.3,58.7,8.7,70.9
5.9,64.5,55.3,50.4,6.8,56.9
6.5,77.1,55.8,54.4,7.0,58.4
5.9,74.0,53.9,57.3,7.6,62.7
3.3,57.1,66.8,59.1,7.6,64.4
6.0,69.7,82.2,84.0,5.9,91.1
8.7,75.8,90.6,70.1,6.9,91.8
6.5,76.6,57.1,58.6,7.0,63.1
7.6,60.2,100.0,93.9,7.3,92.1
5.0,91.8,52.9,52.4,7.3,66.5
7.1,76.8,84.3,71.7,10.0,82.7
6.1,78.5,57.2,48.5,5.6,64.5
3.4,82.8,54.9,56.6,8.2,60.4
6.2,68.5,56.8,47.1,8.4,63.1
3.3,83.5,67.2,71.2,7.6,60.9
4.1,73.6,76.7,66.8,6.2,68.5
5.9,67.2,78.0,57.2,9.0,68.0
6.2,84.9,53.8,62.5,4.4,61.3
2.9,95.9,53.2,59.7,6.2,62.5
7.8,86.7,54.3,64.2,8.4,78.7
6.8,89.1,66.3,54.6,6.6,73.5
3.9,71.8,64.8,61.5,8.9,62.3
2.1,58.8,53.7,55.4,5.2,54.2
5.2,95.9,72.0,65.2,5.7,71.6
4.5,100.0,100.0,74.9,6.4,84.7
5.7,96.5,60.4,62.0,7.5,74.2
4.7,74.0,61.5,67.1,6.7,67.1
1.1,64.1,76.4,72.1,6.4,59.3
4.6,65.2,59.6,50.7,8.7,60.4
4.8,57.8,78.0,52.1,8.8,70.3
6.9,76.7,57.2,52.2,6.5,66.2
4.0,97.3,95.5,78.1,4.9,87.2
9.2,76.3,73.2,67.9,4.4,78.4
1.3,81.6,58.7,56.8,7.3,56.7
8.4,94.5,59.2,55.2,7.8,75.8
5.0,73.2,60.3,65.3,7.1,62.9
7.4,100.0,88.6,79.9,6.9,92.5
5.7,100.0,49.0,60.4,6.0,64.0
8.0,76.4,58.0,42.2,7.8,60.8
4.6,71.1,59.6,36.2,9.0,55.0
3.1,86.4,67.8,52.4,4.3,60.6
8.6,73.8,63.9,54.8,6.9,67.3
5.3,64.1,45.6,50.7,5.8,49.2
6.0,93.4,62.0,43.7,5.2,75.9
8.2,92.6,66.5,77.5,5.6,76.7
3.2,79.9,58.6,58.6,7.5,57.9
6.8,62.8,78.3,74.6,7.5,75.2
4.2,63.2,81.8,58.7,8.8,70.8
5.2,79.3,66.8,65.6,7.0,66.2
5.7,72.0,71.5,63.0,4.9,68.1
2.2,73.9,35.6,49.6,6.7,38.5
3.8,90.3,61.7,59.6,5.3,67.5
8.5,86.8,83.1,76.2,5.6,89.4
7.4,94.5,61.6,71.3,7.7,73.7
5.4,66.1,56.9,47.6,7.2,62.5
6.0,73.9,100.0,80.4,7.7,86.9
4.9,87.1,95.3,64.1,6.6,76.5
8.5,83.4,75.0,72.7,7.9,85.8
5.1,96.4,85.1,91.5,6.5,96.3
6.0,83.0,34.6,34.8,8.3,42.6
8.0,100.0,56.2,60.2,7.4,69.2
3.8,84.5,61.0,66.7,6.8,67.9
8.9,90.7,64.5,63.4,7.3,77.5
2.1,74.1,60.7,58.2,7.0,58.7
9.1,78.2,30.0,37.9,8.9,53.3
4.7,88.9,73.8,64.4,7.3,74.5
5.0,97.4,76.2,70.6,7.0,86.6
1.3,86.8,92.0,77.6,6.7,70.6
4.5,77.0,56.2,45.7,8.0,63.1
3.2,94.5,54.9,58.3,7.8,64.0
4.2,51.7,30.0,47.0,6.7,32.4
5.2,60.9,63.6,51.9,5.6,62.3
7.6,86.2,81.5,61.5,5.9,82.7
6.0,78.2,58.8,55.7,6.8,65.6
6.2,85.3,100.0,75.6,8.6,95.2
3.1,78.8,64.2,49.3,6.7,57.1
3.6,84.9,70.2,65.9,6.3,68.1
9.5,68.2,47.6,42.5,4.9,62.8
3.9,84.8,72.3,61.0,8.8,74.2
9.1,89.9,38.3,49.8,7.7,58.3
5.0,92.6,78.4,59.0,8.0,82.7
5.5,100.0,78.9,59.5,8.2,75.0
7.9,80.9,88.4,79.2,6.8,94.2
8.3,81.3,52.7,38.9,7.1,65.3
5.3,59.7,70.4,50.8,8.8,60.2
4.6,71.6,76.5,50.6,7.2,70.2
5.4,75.7,74.6,61.1,7.7,68.7
6.2,90.6,55.0,61.3,8.0,73.8
7.5,70.7,32.1,41.2,7.8,48.9
5.5,87.6,73.2,86.3,6.8,73.6
6.9,78.0,65.7,69.3,7.0,81.3
9.1,75.9,59.5,49.3,7.9,73.4
6.3,81.0,79.5,59.4,7.9,82.4
6.2,73.3,67.3,82.0,8.4,73.2
2.2,72.9,48.2,58.2,7.7,42.2
0.5,57.5,39.0,45.5,7.7,43.1
6.4,75.0,51.1,52.5,6.5,60.8
5.3,72.2,100.0,80.2,6.3,89.8
4.4,71.8,78.8,54.4,7.9,73.1
6.0,83.0,70.8,65.9,6.3,72.4
5.4,85.9,65.3,63.0,7.0,71.3
8.0,80.8,64.3,53.3,8.7,82.0
5.7,89.9,85.5,70.2,8.5,84.7
3.9,84.9,60.6,71.7,7.4,70.8
7.7,74.5,76.7,64.8,6.6,70.6
5.0,72.4,62.8,74.2,6.9,73.1
6.7,81.8,97.1,64.9,8.0,82.8
4.4,84.9,79.1,65.6,7.0,79.3
4.1,94.8,86.7,64.0,6.3,80.3
5.7,92.3,59.2,51.0,8.5,67.5
5.5,71.5,83.9,62.4,7.2,76.2
6.6,76.8,63.3,61.5,6.3,68.4
4.9,86.1,69.7,67.0,7.6,69.1
1.5,90.8,92.5,73.1,8.2,77.0
4.5,89.3,52.4,38.3,5.8,65.0
7.2,77.2,71.0,75.2,6.8,84.7
4.8,63.0,74.6,59.5,6.7,63.5
5.0,66.0,75.8,54.3,7.5,69.9
7.7,81.3,61.2,61.2,7.8,74.2
3.9,82.1,99.3,81.8,6.3,85.3
2.1,64.8,48.6,45.3,5.2,38.8
5.1,78.5,89.9,75.3,8.2,86.1
4.4,85.6,86.2,64.6,5.7,80.6
3.4,64.2,96.5,80.2,7.3,76.6
5.1,91.3,44.2,44.2,6.8,64.4
6.6,73.5,55.0,48.8,7.2,69.5
5.5,93.1,90.4,83.2,9.0,93.6
6.2,71.6,39.8,54.4,10.0,52.6
9.5,65.7,43.9,58.3,5.0,65.3
4.7,72.5,60.7,65.0,8.2,66.6
6.1,76.9,70.9,60.6,6.8,74.5
4.4,73.3,91.9,61.5,8.3,86.0
3.6,75.4,65.2,71.0,8.1,65.8
4.2,82.0,58.9,68.9,8.7,75.7
4.4,75.9,72.7,58.6,7.3,70.3
6.3,77.2,75.0,72.9,5.9,75.6
10.7,57.5,74.6,57.7,8.1,93.5
3.9,82.7,65.3,73.6,7.1,72.3
4.6,76.9,38.7,41.4,6.7,45.9
5.4,97.3,54.2,75.0,6.4,70.0
6.4,66.7,89.3,77.1,8.2,88.2
6.1,56.3,70.8,72.4,8.9,72.4
8.3,85.4,63.2,57.4,5.6,74.5
0.5,82.2,84.8,75.4,7.7,66.3
0.5,65.9,51.0,41.8,6.6,33.4
4.4,59.6,64.6,62.2,5.2,60.6
7.9,96.4,70.1,74.8,7.2,85.0
2.1,95.0,61.4,81.7,6.0,67.7
0.5,48.2,69.5,59.1,5.1,46.6
6.8,72.5,65.2,64.8,6.1,64.7
6.0,98.0,47.0,51.6,5.8,57.1
3.1,72.3,70.7,66.3,6.2,69.0
3.3,72.1,48.1,46.4,5.4,45.1
3.4,74.6,70.5,63.4,6.5,63.0
5.7,64.5,88.6,71.3,6.1,77.8
4.1,57.5,63.8,51.6,7.5,55.4
6.6,90.6,50.4,55.9,7.7,63.0
0.5,55.9,66.1,52.3,7.3,45.7
3.6,81.0,55.5,52.7,6.7,63.4
3.0,88.6,76.9,78.1,6.7,76.7
4.9,60.6,65.8,57.7,6.0,67.5
4.3,66.9,93.6,76.0,6.0,86.0
7.3,92.6,85.4,63.5,7.8,76.6
1.4,84.4,65.7,65.6,4.9,59.9
5.6,70.6,78.7,70.2,6.9,73.3
6.7,92.4,62.1,59.1,6.6,77.1
9.6,92.5,68.5,82.5,7.7,86.3
4.4,81.2,62.6,41.4,5.3,53.6
6.2,67.2,79.5,71.8,7.0,71.2
1.5,73.0,89.5,78.2,7.4,72.0
0.5,81.4,80.0,73.7,4.7,68.2
7.4,75.7,81.8,70.3,5.7,83.1
5.5,89.3,81.8,76.7,6.9,77.1
8.1,59.6,76.3,68.8,7.6,89.1
2.5,60.1,50.9,42.2,7.2,48.6
6.6,80.2,93.5,78.9,7.7,94.0
9.6,72.1,95.1,73.9,5.7,100.0
6.4,70.5,64.5,49.3,5.1,56.7
6.1,56.8,62.4,59.3,7.1,60.0
5.5,78.2,77.2,62.5,5.5,76.8
2.0,77.4,76.3,54.3,6.0,58.2
8.5,85.8,65.0,57.9,8.1,76.8
4.2,78.8,49.2,45.4,7.2,53.5
6.6,76.4,72.6,72.3,6.3,70.9
2.1,92.1,76.3,71.2,6.2,67.9
2.9,62.3,78.9,75.0,7.7,73.4
8.7,84.4,73.2,61.0,7.3,85.5
4.7,57.9,63.9,61.6,5.5,65.4
8.7,67.9,82.9,90.3,4.7,92.8
5.3,63.4,69.0,61.6,9.3,71.1
1.4,87.4,61.0,67.3,5.5,59.2
7.5,77.2,65.3,65.8,7.6,76.5
4.2,77.8,41.8,36.1,8.8,46.5
7.0,64.7,65.3,61.8,7.2,65.5
5.6,74.4,78.3,69.1,6.3,72.5
2.1,68.8,73.1,60.3,5.3,58.2
5.9,82.6,90.8,68.5,5.3,79.9
10.3,66.1,64.1,62.3,7.5,80.7
6.6,94.0,75.3,62.1,8.7,82.2
5.4,57.9,79.9,80.5,6.5,77.0
7.9,68.3,100.0,78.0,6.3,94.6
6.0,98.1,70.2,58.3,7.8,81.7
6.0,72.8,52.3,47.9,6.2,58.4
3.1,62.2,80.7,62.7,7.3,71.7
6.0,80.6,96.0,97.2,7.1,96.5
7.8,72.3,63.2,50.8,6.5,74.4
3.7,68.0,80.6,65.4,7.0,77.5
8.6,64.8,86.4,64.4,9.1,89.6
5.3,100.0,83.3,79.8,7.7,86.9
3.5,75.0,69.9,58.0,8.3,65.9
7.7,54.9,57.5,41.2,5.9,57.7
4.9,95.9,66.8,64.2,8.3,71.1
7.2,85.3,74.9,65.1,7.8,84.9
4.9,68.8,81.6,62.3,5.2,67.1
5.4,66.8,73.0,57.5,7.6,76.7
6.6,86.1,62.3,70.3,6.4,72.6
6.1,75.0,76.3,63.2,5.1,86.3
1.1,54.9,80.9,54.1,7.2,55.3
3.0,99.4,73.7,66.7,7.6,73.5
7.5,72.8,55.5,54.2,7.2,64.9
5.2,95.9,65.3,54.2,6.9,65.9
4.3,93.3,82.2,86.5,6.6,87.3
2.5,66.0,47.3,54.5,10.0,46.1
3.1,90.4,36.6,59.2,5.6,46.1
1.1,70.2,90.6,75.5,8.0,74.9
5.3,55.6,75.7,43.8,7.0,67.5
4.2,72.9,77.1,77.9,6.0,66.7
3.4,82.8,51.8,47.3,6.9,56.6
5.4,72.4,79.1,60.3,5.3,72.4
6.3,74.3,72.1,64.5,6.3,69.1
10.1,91.7,44.2,63.3,6.9,70.0
2.2,79.3,89.4,82.4,5.1,66.0
8.1,67.9,70.4,67.9,7.6,85.7
7.6,86.4,62.1,58.3,5.8,76.8
3.8,80.4,62.3,56.7,5.3,54.5
5.9,47.7,37.8,40.5,5.7,47.4
4.5,83.1,76.9,67.0,9.6,74.0
5.9,82.7,71.9,72.3,4.6,78.2
8.8,78.2,65.1,67.0,7.5,76.8
6.8,88.7,87.2,79.9,6.1,86.7
6.6,69.9,47.2,30.0,6.6,51.6
4.6,82.0,59.0,59.0,7.7,61.2
2.2,59.2,55.2,49.3,7.7,55.4
5.0,82.9,63.8,62.2,6.2,71.0
8.2,100.0,69.0,61.9,5.4,80.8
2.1,66.1,74.5,51.9,7.7,64.7
3.2,68.9,62.8,60.5,7.7,52.7
5.8,69.5,54.8,49.7,6.7,53.9
3.3,79.6,93.3,80.8,7.5,84.1
3.8,65.2,100.0,70.9,6.5,83.5
4.6,83.1,70.1,75.7,6.0,73.4
2.5,88.2,56.6,66.2,7.0,51.4
3.4,84.4,90.1,78.0,7.6,76.3
7.0,56.8,46.3,43.0,7.4,56.8
2.6,89.9,63.0,68.9,7.6,75.7
2.0,89.2,57.6,62.1,6.1,62.8
4.1,88.0,50.6,56.7,8.9,67.7
7.1,82.5,63.8,69.1,6.6,76.0
5.1,80.6,55.0,66.8,6.9,65.9
4.5,90.4,68.2,55.1,5.4,62.0
5.6,100.0,68.4,59.2,6.8,78.3
1.7,66.6,58.7,47.7,7.6,50.1
6.6,90.9,62.4,50.0,7.9,73.8
6.3,77.0,64.5,59.2,8.9,71.6
4.6,76.4,80.1,73.0,7.6,77.8
7.7,59.6,65.8,55.9,7.3,69.4
3.0,74.6,80.4,63.6,6.5,69.7
8.0,66.0,76.8,72.8,6.2,84.8
5.8,72.4,76.6,66.4,8.2,70.4
4.8,64.8,88.8,72.8,8.1,72.6
5.5,72.6,51.2,60.5,5.7,61.1
5.3,73.1,60.9,55.8,7.9,71.0
8.2,79.2,94.4,93.2,7.8,100.0
3.1,58.6,64.1,51.3,5.7,48.6
3.8,60.7,30.0,52.7,7.6,40.4
7.8,82.3,65.0,53.5,5.7,65.4
4.2,68.4,70.0,64.7,4.1,61.0
7.5,90.9,30.0,39.1,6.8,58.7
9.2,80.7,88.0,82.5,7.3,95.2
4.6,85.3,57.3,54.0,6.9,60.2
7.0,94.9,72.9,71.1,10.0,87.4
3.0,74.3,64.6,53.9,7.5,56.1
7.2,71.1,48.7,57.1,7.2,70.0
5.9,88.5,51.9,50.4,7.5,63.1
6.5,84.1,54.0,69.2,6.5,66.6
4.1,75.8,84.3,62.3,8.1,77.6
1.8,94.7,65.8,54.1,7.4,65.4
6.6,75.5,60.2,64.6,7.4,76.9
1.0,78.4,54.0,49.6,6.3,47.0
4.8,78.3,85.9,71.8,5.1,82.3
7.6,66.8,90.0,68.6,6.4,85.3
5.9,78.9,85.8,61.4,7.3,77.2
9.8,94.8,75.4,69.6,6.5,86.0
7.8,83.3,72.3,75.7,7.4,78.0
4.1,78.4,49.8,60.0,6.7,53.6
5.6,76.1,64.3,61.2,7.5,73.5
5.4,82.0,57.7,66.1,5.8,68.6
2.0,87.0,40.6,40.6,7.2,38.9
3.4,85.3,83.9,69.9,6.2,67.0
4.3,74.0,57.6,58.3,5.2,53.4
1.0,81.9,85.9,71.7,6.8,66.4
5.6,83.8,81.2,68.6,8.8,79.9
5.0,65.9,76.4,53.9,5.2,71.8
1.8,80.0,77.2,50.8,7.1,60.1
6.4,52.1,58.8,56.9,8.0,70.1
7.1,83.8,95.9,80.6,9.8,88.6
6.0,85.9,68.6,71.4,6.4,73.4
4.8,87.0,72.5,63.1,6.2,75.2
6.8,73.3,58.3,49.7,5.6,67.2
7.0,81.7,54.0,55.2,8.4,66.1
6.2,95.1,75.2,77.0,6.0,86.0
3.7,95.0,71.3,66.1,6.6,74.6
6.1,77.6,56.2,61.7,4.8,60.5
8.1,79.7,46.4,42.4,8.1,64.4
4.2,91.3,49.0,53.5,8.4,62.6
10.1,60.0,85.9,66.7,8.0,86.4
4.3,74.1,58.8,65.7,5.1,68.4
5.6,94.0,62.9,64.8,7.7,68.7
4.0,89.7,89.8,90.8,5.0,84.8
6.0,82.4,51.2,43.0,7.1,53.9
1.7,59.9,57.1,52.4,7.2,49.6
4.3,77.4,56.5,56.9,7.4,55.6
3.1,70.9,92.3,78.5,7.6,77.4
5.8,82.0,97.9,72.8,7.0,81.5
7.7,68.3,79.3,79.2,4.6,84.7
6.9,65.7,79.8,65.4,7.6,79.9
0.5,53.2,59.3,42.2,7.1,47.9
10.0,92.7,97.2,81.5,5.9,100.0
6.1,73.2,72.0,60.4,5.1,75.4
3.8,79.9,80.8,91.7,8.8,81.5
5.8,78.0,66.4,69.4,8.5,73.9
5.9,65.2,64.0,56.9,7.8,75.6
4.0,62.9,92.9,70.9,6.2,74.3
5.9,65.9,76.1,70.9,4.0,77.3
4.2,69.3,89.8,79.7,7.9,82.9
4.6,82.4,71.8,41.8,7.4,63.2
4.0,68.5,55.3,57.7,6.6,50.7
2.3,99.0,59.2,62.5,8.3,58.5
5.8,90.3,69.5,55.3,8.0,78.4
6.8,87.7,58.6,66.2,7.2,79.9
6.6,76.6,51.4,70.4,7.0,67.2
7.3,96.2,86.0,80.8,7.1,92.4
6.2,75.4,59.8,65.5,7.8,72.6
4.3,77.6,70.1,77.4,6.0,71.0
7.3,80.0,72.4,58.2,7.5,81.7
2.5,86.4,59.2,44.3,5.9,55.5
3.5,85.6,89.8,81.0,8.6,83.8
3.4,72.3,51.2,49.3,7.6,49.7
7.9,71.6,71.9,51.5,6.2,69.2
7.6,85.7,71.7,65.2,7.1,65.5
6.6,86.6,67.2,69.4,6.0,80.6
7.9,73.3,48.5,48.8,8.8,63.8
3.6,59.0,81.1,58.1,8.9,66.7
6.3,75.5,79.2,65.6,7.8,69.9
5.2,85.5,57.9,58.1,8.9,64.0
7.4,99.7,78.6,57.7,7.2,80.1
5.2,63.6,73.6,60.2,7.9,65.9
4.7,72.9,48.8,39.3,8.5,55.0
6.7,73.3,55.2,59.0,7.0,65.9
7.4,94.3,85.1,62.9,7.1,80.6
4.0,77.6,72.6,72.4,8.1,66.1
5.4,67.1,59.5,51.2,7.8,55.8
3.2,84.7,55.1,52.1,6.1,64.0
0.5,73.1,60.3,58.8,4.4,55.7
5.9,63.3,61.3,47.6,6.8,57.3
6.8,67.3,55.3,54.5,4.5,51.9
6.1,98.8,41.9,46.9,5.8,58.8
1.2,82.6,85.1,68.0,6.0,68.7
4.7,79.3,82.6,73.5,6.3,78.8
0.6,75.0,48.9,41.5,8.0,46.7
8.5,81.5,70.0,53.8,8.2,80.7
3.1,81.4,54.5,57.3,7.6,52.4
8.3,81.5,64.1,60.4,7.8,77.9
7.6,79.4,62.8,60.7,7.8,77.6
3.5,88.4,61.6,63.6,4.0,58.0
3.0,78.3,98.0,78.9,7.0,83.6
6.3,66.3,61.4,60.2,4.8,61.5
3.6,70.7,55.9,54.2,7.6,65.5
5.7,54.3,56.6,33.6,4.5,44.8
4.4,100.0,83.7,62.1,6.8,84.1
1.6,88.4,43.2,66.3,7.7,44.3
0.6,68.0,56.6,53.1,5.7,54.4
6.0,74.6,89.7,80.6,8.2,81.8
4.3,70.4,71.7,59.3,7.6,68.0
4.3,96.5,70.9,67.7,7.5,66.6
7.0,61.0,100.0,71.6,7.8,83.0
8.1,79.4,71.7,84.0,6.6,88.0
4.9,76.7,57.4,57.8,7.2,66.9
4.8,87.9,63.8,57.8,7.0,68.2
6.6,76.8,51.0,39.0,7.0,62.1
2.5,56.9,86.8,82.8,6.2,76.1
6.0,75.0,76.6,64.6,5.5,70.9
6.7,66.3,84.9,74.2,6.6,75.3
7.0,79.0,86.2,79.0,6.5,86.6
1.2,95.2,61.8,59.1,6.1,55.1
3.8,57.1,53.8,54.2,8.0,55.4
3.6,68.4,67.2,54.2,5.6,61.9
5.7,71.4,54.9,45.1,6.8,55.5
6.6,73.4,70.5,71.4,8.4,80.1
8.8,86.9,85.0,72.2,8.1,95.2
4.4,75.9,65.5,64.1,8.5,70.8
4.4,83.0,70.2,67.6,6.3,68.1
8.0,70.5,66.6,64.4,7.9,79.4
6.2,80.8,80.0,56.7,5.7,77.9
8.3,87.3,58.0,54.0,6.7,75.0
6.1,69.2,35.1,39.0,6.8,55.6
3.0,87.4,75.1,61.5,6.3,69.5
2.6,78.6,82.8,73.6,6.6,69.5
2.1,90.5,74.7,78.2,6.4,65.4
7.0,75.6,58.4,66.8,5.8,73.9
8.1,82.6,51.0,51.0,8.0,69.4
9.6,77.5,75.4,68.2,6.8,93.0
7.4,76.8,70.1,66.3,7.2,67.9
8.1,81.1,66.1,66.6,7.2,82.0
4.2,84.4,95.3,71.5,7.1,82.3
3.0,63.0,53.8,64.9,7.1,53.0
7.4,95.2,94.6,88.2,6.6,93.9
6.4,55.7,68.5,64.2,8.7,74.5
5.7,69.8,40.5,54.4,7.9,57.5
6.4,76.9,65.3,64.4,7.0,66.3
6.2,82.9,82.4,62.8,6.5,80.2
8.3,96.9,62.5,62.5,6.9,81.7
8.3,55.7,45.9,31.0,7.5,55.8
6.7,71.9,65.5,62.3,8.8,77.6
7.4,52.5,55.1,47.1,5.4,57.1
6.6,78.4,75.4,65.7,7.8,68.1
4.5,81.3,79.6,78.7,8.4,80.1
7.2,97.1,52.2,54.3,5.2,67.8
2.4,79.4,57.4,54.4,6.8,56.5
7.8,90.5,79.3,71.4,5.7,90.0
2.9,85.0,55.1,41.8,7.5,45.2
6.1,72.8,51.8,49.6,6.6,58.2
3.6,61.1,50.3,30.0,6.8,40.9
6.7,81.3,73.3,61.0,6.5,70.2
5.4,60.1,72.6,66.8,7.9,70.2
2.0,93.5,57.7,63.7,7.3,63.0
6.4,76.1,68.1,56.7,7.3,72.4
4.2,92.3,90.9,78.4,7.2,81.7
7.4,72.2,53.4,43.8,7.7,62.3
5.5,81.2,38.7,46.6,6.7,56.7
6.4,80.5,74.8,89.7,9.0,88.1
3.4,77.5,66.3,75.6,5.5,63.1
4.2,72.8,57.3,55.1,4.9,53.9
4.5,82.7,77.8,69.7,4.8,65.1
7.4,66.9,80.6,58.2,4.5,73.4
9.2,63.5,34.9,33.7,7.8,46.8
3.7,92.9,58.2,63.1,7.7,73.9
7.9,86.7,100.0,77.5,8.4,94.8
0.7,78.8,76.8,74.2,5.7,68.7
2.9,98.0,78.1,85.0,7.9,87.0
3.4,74.8,85.6,73.4,7.1,76.3
2.5,93.9,68.3,66.9,7.2,66.5
2.0,80.1,80.0,55.6,7.8,60.4
6.4,65.7,78.8,70.7,6.1,74.1
5.0,100.0,76.1,62.7,10.0,87.4
6.3,89.9,63.2,58.9,8.6,74.6
7.0,76.5,70.6,70.6,6.4,76.6
6.1,86.7,59.2,67.5,5.7,75.1
6.9,73.2,68.2,57.1,6.9,74.6
5.3,87.9,50.5,51.5,7.2,60.0
2.9,49.3,56.1,42.6,8.3,49.3
7.8,65.8,63.8,47.0,5.6,63.0
4.2,89.8,53.8,52.0,7.3,57.5
3.4,75.0,60.4,44.1,5.2,53.1
5.1,80.5,65.5,66.6,7.5,72.5
3.5,61.8,74.0,64.3,6.9,59.3
4.6,100.0,82.2,79.7,9.3,86.0
6.3,92.3,61.0,54.0,5.1,66.0
6.3,75.6,88.0,62.7,8.6,79.0
3.5,73.1,82.1,68.9,5.0,68.6
4.4,90.4,75.6,69.7,5.4,63.2
7.9,100.0,70.3,67.5,5.0,77.7
6.6,89.4,72.8,65.1,7.3,73.6
10.1,100.0,85.8,90.9,5.6,99.5
8.1,66.9,86.4,72.7,5.4,74.2
8.0,68.2,88.0,86.2,7.2,91.3
2.4,63.7,68.6,68.8,7.5,65.7
7.2,83.3,76.3,81.4,7.0,83.8
5.4,80.1,88.2,64.9,6.8,82.7
4.3,76.2,58.6,61.0,9.2,61.7
5.9,87.7,63.2,58.2,7.2,63.0
7.6,92.8,68.2,52.4,8.0,77.2
6.6,59.7,81.5,76.7,7.2,82.7
3.6,70.8,81.7,65.3,5.7,63.8
7.1,87.8,64.5,54.0,7.7,71.1
4.1,72.4,45.4,44.8,6.2,48.2
6.0,68.4,71.7,55.2,6.9,82.2
4.8,90.2,54.2,51.8,7.4,62.9
5.0,62.5,45.7,44.0,4.7,39.6
7.2,74.4,49.0,64.4,5.1,53.6
3.2,81.9,72.9,60.2,8.1,71.1
9.8,71.1,88.4,84.7,6.2,100.0
1.5,87.4,68.6,71.4,6.3,62.2
4.2,71.2,71.2,65.1,7.2,66.3
6.3,94.9,85.7,81.8,6.5,90.4
6.8,76.5,44.8,48.9,7.5,55.6
5.3,86.1,75.8,78.5,6.9,67.5
5.4,87.0,67.8,68.6,7.2,78.0
6.4,70.5,76.5,51.4,6.2,68.8
5.0,53.4,60.7,54.1,7.2,63.3
8.6,82.3,55.7,62.5,8.3,71.1
7.3,78.9,70.1,61.0,6.3,75.5
7.4,84.7,92.7,78.2,8.1,97.2
3.4,75.3,80.9,63.4,6.9,75.3
5.3,72.8,60.4,45.4,7.9,62.6
4.8,100.0,47.9,43.9,7.2,59.5
3.3,60.3,42.8,31.3,7.0,43.8
6.3,86.8,87.7,80.3,7.4,90.4
4.3,71.1,53.7,32.4,8.5,47.0
6.9,74.0,63.1,52.9,7.3,62.8
3.1,74.2,87.8,65.7,7.6,64.6
9.3,68.4,43.8,43.9,6.6,64.9
3.5,84.9,90.4,61.1,8.9,76.9
6.0,94.7,64.2,67.2,7.8,78.6
7.2,83.6,50.8,43.7,7.1,64.7
4.2,79.2,64.3,69.2,6.9,62.3
7.4,66.2,57.2,48.0,8.2,64.6
2.8,84.2,74.6,66.3,6.3,65.8
8.7,100.0,58.3,62.1,4.9,73.3
5.5,73.4,39.3,46.9,7.1,55.8
4.2,73.5,64.7,59.3,8.4,76.2
4.8,71.3,47.7,45.6,8.9,60.0
7.3,72.1,71.1,64.9,6.9,75.5
4.2,45.1,50.2,47.6,7.1,53.7
3.9,82.9,60.7,53.0,7.6,69.4
5.0,67.9,70.7,64.3,6.7,62.0
2.9,58.7,64.8,64.8,7.6,64.7
9.5,87.0,71.8,71.9,6.9,89.9
4.3,65.0,78.2,71.7,8.2,78.2
7.3,73.9,50.6,52.7,7.9,67.8
6.0,95.6,67.0,58.3,8.0,73.4
3.3,61.1,30.0,30.3,6.8,43.7
5.5,59.6,71.7,61.9,9.3,71.9
7.2,81.2,63.5,67.8,7.6,73.0
5.1,91.8,53.2,79.5,7.3,71.6
8.1,59.1,72.7,67.6,6.1,80.2
7.7,82.9,85.6,63.4,6.9,85.9
7.5,85.0,60.9,53.6,7.1,73.0
4.5,53.3,53.8,66.1,6.1,56.2
3.1,87.6,70.5,64.0,6.6,64.0
4.2,88.5,48.0,53.9,6.8,53.2
5.9,74.3,58.1,47.8,7.1,55.8
6.7,93.0,86.3,88.2,4.9,96.2
0.7,91.6,68.9,69.8,6.8,61.5
5.5,79.2,39.8,40.5,6.5,35.4
5.8,72.6,41.0,37.7,7.0,52.5
4.9,66.3,70.4,62.8,8.2,70.4
8.3,77.5,80.9,69.2,9.5,79.3
6.4,84.8,43.7,56.9,7.8,57.9
8.4,74.1,74.7,69.0,5.5,76.3
5.0,51.6,88.0,64.2,6.6,69.9
7.6,93.2,96.3,76.9,7.7,100.0
9.1,80.3,73.0,63.9,7.6,82.7
8.4,73.4,75.6,60.5,8.2,79.2
3.1,88.3,36.0,45.8,6.9,51.4
4.9,96.3,99.5,83.9,6.6,94.6
4.7,44.4,59.4,41.6,9.1,46.3
6.6,83.2,54.0,60.5,7.1,64.2
7.0,60.9,64.2,52.6,5.8,66.6
3.7,84.0,90.7,69.1,8.8,76.8
5.6,79.5,100.0,77.1,5.2,97.1
1.1,85.6,69.9,66.8,4.0,59.7
8.7,72.0,83.0,69.3,7.9,83.7
4.4,55.5,68.6,60.0,8.1,58.5
5.6,72.6,52.4,59.2,7.5,65.7
4.8,82.9,90.2,85.8,5.4,81.3
8.0,90.2,58.7,62.1,6.9,76.2
0.5,63.9,91.0,62.5,6.7,59.9
5.5,90.3,87.5,73.5,6.4,84.5
5.3,70.2,77.2,57.0,8.7,70.0
4.5,82.3,95.4,91.6,5.7,86.1
9.3,71.9,100.0,93.9,7.4,98.9
3.5,80.2,65.4,66.2,8.4,71.1
7.2,88.7,55.9,64.8,7.5,69.8
6.3,63.3,40.0,44.8,8.5,52.3
8.3,69.8,100.0,80.4,7.7,95.9
4.0,80.2,61.4,46.0,7.5,67.2
3.9,100.0,85.0,76.2,7.4,86.4
7.9,67.6,56.9,46.1,7.7,69.2
6.4,100.0,91.1,82.4,6.5,85.4
2.1,100.0,57.5,61.1,5.4,55.8
4.3,76.8,50.1,67.3,8.1,65.9
6.4,74.4,64.9,66.6,8.4,67.5
7.3,69.7,60.0,57.7,7.3,68.8
4.0,77.2,76.9,64.5,6.3,65.4
0.5,61.1,67.2,70.6,5.1,49.2
6.7,77.1,77.4,66.6,7.1,86.3
2.8,96.0,63.6,66.6,5.4,67.3
1.1,70.7,58.0,54.9,5.2,53.2
0.5,75.1,59.2,53.1,7.0,53.5
7.3,57.6,98.7,74.0,6.1,86.8
5.8,82.5,71.4,49.2,7.4,67.4
5.0,81.2,38.2,33.9,6.8,46.0
8.6,78.8,60.2,60.6,6.3,72.6
6.9,75.4,69.5,74.6,5.0,83.0
9.1,74.5,95.7,79.0,6.0,89.2
2.4,84.0,83.4,66.1,6.0,68.1
5.4,77.7,54.2,42.7,5.5,52.7
1.9,81.8,100.0,86.7,6.6,87.3
5.0,80.6,67.5,57.7,5.6,74.9
5.0,91.5,86.7,80.7,6.8,86.3
6.9,86.1,50.7,57.5,7.3,67.9
5.6,80.3,32.0,46.5,6.0,49.0
6.9,96.2,46.9,55.1,7.5,67.9
7.0,83.0,30.0,45.3,5.4,54.4
10.2,93.7,99.7,82.3,5.7,100.0
4.8,85.3,71.2,60.4,6.9,73.0
3.4,55.9,54.1,41.0,7.8,52.5
6.0,93.7,74.8,50.5,8.0,67.9
3.7,79.6,70.8,62.4,8.9,69.0
8.8,77.4,77.3,79.0,6.5,88.1
4.9,81.4,86.1,78.5,6.8,83.6
4.3,73.9,63.7,60.3,5.8,61.6
4.5,80.7,54.8,49.4,5.5,57.7
7.1,70.9,80.4,74.9,7.3,79.0
5.2,93.3,80.0,71.4,6.1,71.5
4.1,76.6,69.5,75.0,8.5,76.0
9.2,73.4,100.0,70.5,5.2,89.3
3.6,66.9,61.4,49.5,7.6,56.5
5.6,81.2,54.5,48.5,5.8,56.5
6.9,80.2,74.3,54.1,6.0,81.3
1.9,82.7,57.9,50.0,7.6,54.0
6.6,65.7,75.4,63.7,6.2,72.2
3.2,58.8,55.5,44.5,6.4,52.6
7.3,85.5,62.0,30.0,6.0,74.0
3.4,95.8,96.4,90.6,9.1,92.8
7.0,65.7,61.9,42.0,6.3,61.2
7.9,97.1,56.0,64.8,7.1,78.3
7.4,81.4,85.6,72.7,6.8,79.5
6.1,77.9,52.2,70.1,7.3,66.5
5.0,73.2,57.6,63.0,6.3,71.3
4.2,61.4,76.6,58.4,6.8,67.1
8.7,89.9,82.1,67.0,7.5,89.7
4.0,68.7,86.3,81.7,6.0,77.1
3.2,68.6,56.8,41.6,8.3,51.2
7.0,89.9,76.9,71.3,8.4,85.7
3.7,55.4,61.0,51.4,7.7,59.0
3.4,59.7,58.9,49.6,7.1,52.1
2.3,77.8,86.0,74.6,4.0,59.3
4.4,81.5,59.8,59.8,7.5,66.0
5.3,83.8,72.2,69.3,6.5,83.6
6.0,74.4,70.3,63.4,6.7,70.1
7.6,100.0,51.9,61.9,4.7,63.2
6.7,75.3,82.5,69.9,7.6,85.2
5.1,75.2,76.4,60.5,5.3,78.2
5.1,68.4,38.2,43.1,7.1,50.5
6.6,79.5,72.2,58.9,8.1,83.3
8.3,85.4,56.4,51.1,6.4,73.5
5.8,92.4,84.5,71.9,8.5,88.8
4.5,60.1,46.3,44.5,6.1,45.8
3.3,75.0,62.7,58.5,7.7,62.3
2.3,83.4,73.4,73.6,5.4,66.6
7.0,85.0,68.8,60.1,8.2,76.2
6.8,78.1,79.4,69.8,8.1,80.8
6.8,84.5,45.2,51.9,7.6,62.9
5.2,68.3,92.8,68.2,6.5,74.4
8.6,96.7,75.9,71.5,5.3,90.0
4.4,89.9,88.4,84.1,6.5,80.4
7.6,61.9,81.1,66.6,8.3,79.9
5.4,65.1,67.8,60.4,7.2,68.4
4.2,65.4,48.7,42.5,5.1,43.9
6.8,86.1,59.5,75.0,5.7,64.1
6.4,62.6,91.8,66.0,8.5,81.5
6.3,74.0,88.8,59.0,7.6,74.7
5.7,83.5,58.7,65.0,5.5,69.7
5.4,77.2,30.0,39.9,4.9,38.6
10.8,81.1,64.8,58.5,6.2,87.9
8.1,65.2,63.7,52.0,4.8,67.4
7.1,85.1,64.3,76.6,6.8,77.6
5.7,70.6,75.9,67.2,9.9,68.2
7.7,74.1,81.1,72.5,5.1,82.6
6.6,80.9,82.9,72.1,6.8,82.6
5.6,79.2,74.7,68.0,8.6,71.0
4.8,78.3,41.0,58.3,7.9,55.7
5.3,69.0,62.9,54.8,6.8,61.5
0.5,74.4,100.0,66.9,6.8,71.7
6.0,78.0,73.6,71.9,5.6,75.2
4.4,61.5,73.5,64.8,6.7,64.8
9.0,72.4,73.4,64.3,7.3,82.6
5.5,82.7,74.2,70.3,8.3,76.9
2.9,62.7,32.3,35.5,6.3,37.9
5.4,91.9,64.4,63.6,6.8,68.7
3.2,93.2,67.4,64.3,5.9,61.5
6.5,63.1,87.2,64.0,7.3,76.5
6.1,94.3,68.7,75.9,7.9,86.1
7.6,76.3,43.3,36.6,7.8,62.1
3.8,83.0,74.5,85.6,5.6,79.7
5.6,72.0,55.9,60.8,7.2,69.0
2.5,89.1,49.7,40.4,6.2,47.4
7.0,82.9,55.5,54.5,8.2,69.6
6.6,68.2,76.1,62.6,6.8,75.1
6.6,64.0,86.9,71.9,5.2,82.8
5.5,60.5,75.2,53.6,6.7,66.3
6.4,80.3,77.5,68.0,7.6,79.9
9.0,84.9,75.1,66.6,7.3,85.7
4.9,85.8,69.5,58.8,6.4,71.8
5.8,76.6,78.5,60.3,6.3,77.4
3.1,64.1,31.7,45.8,5.8,38.8
3.6,69.8,69.7,47.2,6.5,60.6
5.7,91.8,52.3,60.5,6.0,65.4
7.9,72.2,85.4,76.4,8.2,95.7
4.9,79.7,65.8,59.4,5.9,58.2
5.0,65.1,68.5,59.4,7.1,61.5
4.6,82.0,45.4,59.8,7.1,60.2
4.3,72.5,83.3,63.3,8.1,75.8
6.1,90.6,77.4,65.4,8.3,82.0
2.2,87.3,76.4,64.9,7.8,71.9
8.3,72.1,55.8,63.0,7.4,71.9
4.0,76.5,56.4,65.5,5.7,57.3
7.1,71.4,71.4,51.0,5.7,73.3
2.7,61.0,57.6,60.0,6.0,53.0
7.0,67.7,74.5,69.5,7.9,75.8
7.0,80.4,35.6,57.1,7.1,60.8
6.3,81.9,60.7,61.9,8.0,73.3
3.3,79.8,95.0,76.8,8.2,83.5
6.0,74.4,74.6,73.8,6.1,83.6
2.9,89.2,70.5,71.7,7.0,75.1
4.9,78.8,97.8,96.4,7.0,96.1
7.8,86.4,33.0,52.4,6.6,69.6
7.3,56.7,55.8,51.1,6.4,60.6
5.5,40.0,62.0,39.7,8.4,53.3
3.4,81.4,80.9,65.2,7.1,76.2
6.9,60.9,81.1,53.3,7.0,73.2
5.5,75.5,55.0,52.4,6.0,60.0
0.5,74.4,83.0,76.7,7.8,63.6
7.2,97.0,62.0,63.3,5.8,77.2
5.4,82.8,86.2,81.3,7.5,78.2
8.1,80.0,52.5,56.6,7.6,68.6
3.1,88.0,66.2,60.2,6.5,63.9
0.5,82.4,60.6,59.6,7.4,52.2
6.1,72.5,83.8,73.0,7.2,73.1
6.1,90.9,60.2,61.9,7.0,62.5
1.8,64.7,67.4,59.5,7.0,53.5
3.3,81.9,75.6,60.9,7.1,71.0
11.6,59.4,76.2,58.3,7.2,86.7
4.8,80.4,81.3,87.9,7.1,81.6
7.1,80.3,71.2,74.1,5.7,73.9
4.1,98.1,61.7,51.7,6.8,66.2
0.9,59.2,62.8,35.4,7.3,37.4
5.1,70.8,68.4,60.9,7.1,56.8
4.9,87.9,71.7,73.6,8.1,75.1
4.6,82.0,65.8,57.5,7.7,64.6
5.2,80.2,68.3,70.8,6.0,75.6
6.1,66.5,45.2,47.0,6.8,55.1
5.2,70.9,78.0,64.3,6.6,80.2
2.7,92.9,70.7,73.2,7.0,67.4
6.6,77.4,83.0,65.7,7.0,83.1
1.2,82.5,68.0,60.7,7.7,59.0
1.0,76.6,41.9,52.6,7.2,49.6
7.1,63.8,62.6,55.1,8.5,67.6
6.6,89.2,65.0,78.3,7.3,81.9
5.4,84.0,79.1,75.1,6.0,73.7
2.4,100.0,36.9,55.3,6.4,47.3
3.9,65.8,68.6,58.8,7.7,63.2
4.9,87.9,75.7,75.6,5.1,81.3
2.0,62.3,58.1,49.9,5.4,38.5
3.9,79.9,69.1,65.2,7.0,66.1
6.9,89.7,58.6,52.3,8.1,68.5
8.6,53.1,57.1,58.0,8.6,59.1
4.6,75.5,61.9,60.2,6.7,61.4
7.2,71.2,57.3,70.2,8.3,64.4
1.3,69.6,78.3,84.6,7.1,57.6
7.0,82.6,57.0,63.1,5.2,66.9
3.7,91.4,54.5,58.4,7.0,59.3
6.2,76.4,94.5,68.5,6.3,84.1
5.0,80.5,82.4,77.7,8.1,82.3
8.4,79.4,40.1,48.6,7.0,57.2
3.6,78.0,56.5,59.9,5.5,65.6
6.9,64.9,71.6,74.4,5.2,73.9
4.9,91.3,72.9,61.3,7.0,79.1
5.2,81.5,45.6,43.1,4.1,44.0
5.1,82.7,85.4,70.8,6.4,76.1
3.6,68.3,80.4,72.9,7.3,75.2
5.5,72.5,75.2,68.9,5.7,71.8
5.4,75.9,88.4,65.4,8.2,76.4
6.0,59.6,74.8,67.1,8.4,65.3
5.7,57.7,74.7,50.9,5.8,69.0
7.3,70.8,91.4,66.3,6.6,88.1
7.5,84.3,84.5,71.6,8.2,89.1
3.2,70.2,55.4,48.6,7.0,50.9
7.4,65.8,77.5,71.2,5.3,72.7
2.9,68.2,58.0,56.2,6.8,54.6
6.8,72.5,75.6,78.8,6.0,73.2
6.9,73.8,75.1,62.8,8.3,74.4
1.3,100.0,47.2,55.0,7.7,58.2
5.7,90.7,66.2,73.8,6.6,66.5
4.5,90.3,72.0,66.4,7.2,76.2
3.8,92.0,61.5,73.8,5.4,73.4
8.5,66.0,72.7,65.8,6.1,81.4
4.1,63.3,80.1,46.1,8.9,69.0
3.7,64.7,67.5,67.7,7.1,61.9
5.7,94.0,71.4,75.1,8.1,76.9
7.0,71.4,88.8,79.3,7.3,77.1
5.2,63.0,75.1,46.8,8.6,67.6
8.1,72.8,71.0,56.9,4.6,71.7
6.7,75.1,53.6,48.5,6.8,59.0
0.7,81.2,78.1,61.5,9.0,64.8
4.3,81.0,73.0,79.3,8.1,75.6
4.3,68.1,87.3,69.9,8.6,74.9
6.6,86.2,68.7,64.0,7.0,82.6
0.5,70.3,40.8,49.4,6.4,42.0
11.1,76.1,42.5,52.0,5.8,72.3
6.7,86.2,79.0,43.3,5.7,73.6
5.8,70.3,59.4,50.1,8.0,65.5
8.1,71.2,74.6,52.5,7.6,72.8
10.7,85.1,69.7,67.8,6.9,90.1
7.4,67.7,65.5,55.6,7.6,69.8
7.6,73.4,66.6,60.1,7.2,69.0
5.8,84.7,55.0,39.8,8.2,61.5
5.2,100.0,67.8,64.8,8.1,74.0
4.5,85.3,59.2,67.8,5.7,75.3
3.7,83.7,62.4,71.5,7.3,68.4
4.0,84.4,63.1,66.6,5.0,71.3
2.5,65.1,64.6,46.1,7.2,59.3
5.3,79.4,81.8,79.9,7.7,81.8
1.8,77.6,66.1,66.5,5.4,57.0
5.9,81.9,83.4,70.4,6.5,73.0
5.4,79.4,91.1,58.8,7.0,76.4
5.8,82.6,80.8,77.7,7.3,85.1
4.4,74.3,76.0,60.6,6.7,68.3
12.0,78.7,72.9,67.5,5.6,91.1
8.5,63.3,81.0,65.9,6.9,72.9
2.8,74.2,69.3,74.0,5.0,65.9
6.0,94.7,82.8,73.2,6.7,89.2
4.2,81.8,77.2,67.8,6.5,64.8
3.3,77.7,62.6,71.5,6.8,65.5
2.6,100.0,81.4,69.5,6.3,80.6
6.5,61.7,69.4,65.1,5.2,76.6
4.0,64.7,66.4,56.1,6.6,58.6
7.6,98.6,60.9,55.1,8.1,79.1
7.7,78.6,70.5,63.4,8.5,85.4
8.5,75.1,82.9,74.9,9.9,92.3
3.6,63.6,81.3,76.4,9.0,80.0
6.5,83.4,73.3,78.0,5.6,78.7
6.9,84.5,77.0,66.1,6.5,81.6
4.5,64.9,87.1,61.2,7.0,71.0
3.8,76.3,65.8,57.7,6.9,62.3
9.0,74.0,51.3,42.3,7.1,67.5
6.0,81.1,87.5,71.7,9.9,83.5
6.9,64.6,60.1,51.5,5.7,62.3
3.7,93.0,57.6,65.7,6.1,66.8
2.8,89.0,41.1,32.2,9.0,56.1
4.2,73.6,76.6,59.7,6.3,59.4
5.2,75.4,43.7,42.1,7.5,61.5
3.2,76.4,56.7,64.8,8.2,59.0
5.5,68.7,76.8,55.5,7.6,75.7
1.8,72.7,78.8,68.3,7.2,71.5
3.0,74.8,58.2,54.7,8.1,64.5
7.0,97.4,66.0,74.0,5.9,75.5
6.8,89.4,54.9,62.3,6.4,67.9
4.6,89.2,59.8,61.2,7.6,66.2
3.3,82.4,72.0,60.8,4.5,62.7
3.2,64.6,60.5,39.6,8.7,59.8
4.7,77.5,64.3,61.7,7.4,66.1
6.9,89.6,46.0,56.9,7.2,57.1
7.5,62.9,85.0,54.9,5.0,73.8
4.4,85.6,75.7,58.2,5.5,62.8
3.0,100.0,79.9,76.0,6.5,75.6
6.1,90.7,87.4,78.5,8.0,91.6
3.7,95.0,55.6,51.4,4.5,54.7
4.4,80.6,62.6,55.0,7.9,62.4
8.4,89.6,39.6,34.5,6.6,57.8
7.3,69.4,100.0,88.4,6.7,95.3
5.8,87.6,65.8,52.7,7.3,72.0
2.7,85.9,83.6,76.8,7.3,79.5
6.0,81.5,49.4,52.3,6.1,69.9
7.8,93.8,82.9,84.4,7.7,93.2
4.7,71.5,95.9,69.3,4.2,82.4
8.5,75.8,67.1,61.3,6.5,69.1
8.3,79.1,52.8,40.2,7.2,63.3
9.2,65.6,65.9,42.1,6.6,69.6
6.2,80.7,34.6,49.0,4.8,46.3
6.8,57.4,67.4,42.1,7.9,62.5
8.6,90.6,80.3,70.0,5.5,86.5
6.5,78.6,67.5,69.9,6.9,72.1
4.4,71.7,63.7,63.9,7.2,76.2
4.5,68.0,75.9,58.4,7.0,70.6
6.0,75.2,77.1,53.5,8.4,83.4
2.7,86.3,43.1,54.4,6.9,57.2
5.2,84.6,69.3,75.0,7.5,72.1
7.9,69.5,100.0,72.1,6.9,92.5
0.7,67.8,48.0,41.9,7.7,39.6
8.9,85.9,66.7,59.0,8.7,80.1
8.0,69.3,97.1,80.3,7.2,89.1
4.5,78.7,84.6,81.0,7.9,79.2
6.7,79.5,60.3,48.1,8.7,69.6
5.5,81.7,71.1,52.5,8.6,73.0
8.2,88.3,68.0,83.2,6.5,85.1
7.7,62.8,56.8,50.5,8.2,65.4
2.4,55.1,66.9,57.6,7.3,59.9
6.8,71.2,63.8,52.4,8.3,67.8
5.0,99.6,69.7,72.2,7.7,83.4
5.7,100.0,56.8,68.9,7.3,63.3
3.9,100.0,48.9,59.3,7.5,63.9
9.3,75.7,67.4,74.9,7.3,84.9
7.8,56.6,93.7,68.1,7.4,83.0
3.9,49.9,69.2,53.4,6.8,56.9
2.6,70.6,63.0,59.2,6.7,59.7
4.7,75.6,79.3,71.2,9.1,81.4
6.5,93.6,65.6,66.3,7.6,68.4
6.0,88.4,96.0,69.6,6.3,90.9
8.3,80.7,67.9,65.0,6.7,76.2
7.2,67.3,78.5,62.0,8.3,83.7
7.6,66.5,56.7,48.2,6.1,55.1
6.2,81.0,75.5,67.0,5.2,86.5
2.4,86.4,72.1,58.6,5.3,59.1
5.1,82.7,67.2,53.6,4.9,71.8
7.8,65.6,60.5,33.8,5.4,61.0
5.4,85.8,58.4,72.5,5.6,64.3
6.6,83.1,72.2,69.9,8.7,80.8
4.8,65.2,77.4,62.9,6.9,74.9
3.2,68.6,66.1,53.2,6.6,51.7
5.2,86.3,72.3,43.3,5.3,69.8
6.2,75.2,67.4,55.0,6.8,69.0
4.1,97.1,69.5,73.2,4.9,74.2
5.0,84.0,65.0,69.3,6.6,70.0
3.4,72.2,68.3,65.8,9.5,64.4
8.0,77.9,100.0,80.7,7.8,92.3
4.9,78.8,72.7,75.1,6.7,76.9
8.7,69.3,77.7,62.4,7.8,85.2
8.9,67.0,74.6,71.5,6.4,84.6
5.3,86.4,64.1,58.8,6.0,69.5
3.3,88.1,87.4,68.0,9.0,83.4
0.9,85.2,63.6,53.2,5.6,60.1
2.3,96.2,83.8,66.6,6.6,65.3
2.5,71.5,63.0,62.8,7.4,48.6
8.5,98.1,53.6,53.1,5.9,79.4
5.8,67.2,73.5,54.0,7.8,64.1
6.4,65.8,51.4,55.4,6.6,55.0
0.6,56.9,76.0,63.6,7.8,56.8
2.9,72.7,50.1,58.4,7.7,46.0
7.5,72.0,63.2,61.9,6.7,69.7
6.1,84.3,46.5,45.6,9.1,56.3
5.2,80.9,100.0,80.8,6.2,88.0
6.7,63.7,43.2,45.7,8.6,57.2
9.1,73.3,68.1,53.4,8.4,76.2
5.0,73.5,85.1,61.3,9.1,76.2
5.7,56.7,83.5,59.7,7.2,74.5
5.9,66.2,80.8,82.3,6.1,83.7
10.8,68.8,63.2,53.7,9.5,87.3
0.9,95.2,88.3,87.2,6.6,76.2
7.0,80.3,81.7,66.3,6.0,89.3
5.2,85.9,71.2,72.7,6.8,78.8
6.7,60.0,71.6,66.6,5.8,65.7
4.1,92.3,63.4,70.6,7.6,64.1
5.4,93.6,54.4,61.4,6.3,62.9
7.1,54.0,86.6,77.1,6.7,88.3
12.0,69.5,87.7,73.6,8.2,96.5
7.3,83.9,54.7,69.8,7.7,63.7
3.6,85.7,65.7,49.6,7.0,61.4
